float_id,date,longitude,latitude
0,2026-01-01T00:00:00,0.5,0.5
0,2026-01-31T00:00:00,0.5,0.5
1,2026-01-01T00:00:00,0.5,0.5
1,2026-01-31T00:00:00,0.5,0.5
2,2026-01-01T00:00:00,0.5,0.5
2,2026-01-31T00:00:00,0.5,0.5
3,2026-01-01T00:00:00,0.5,0.5
3,2026-01-31T00:00:00,0.5,0.5
4,2026-01-01T00:00:00,0.5,0.5
4,2026-01-31T00:00:00,0.5,0.5
5,2026-01-01T00:00:00,0.5,0.5
5,2026-01-31T00:00:00,0.5,0.5
6,2026-01-01T00:00:00,0.5,0.5
6,2026-01-31T00:00:00,0.5,0.5
7,2026-01-01T00:00:00,0.5,0.5
7,2026-01-31T00:00:00,0.5,0.5
8,2026-01-01T00:00:00,0.5,0.5
8,2026-01-31T00:00:00,0.5,0.5
9,2026-01-01T00:00:00,0.5,0.5
9,2026-01-31T00:00:00,0.5,0.5
10,2026-01-01T00:00:00,0.5,0.5
10,2026-01-31T00:00:00,0.5,0.5
11,2026-01-01T00:00:00,0.5,0.5
11,2026-01-31T00:00:00,0.5,0.5
12,2026-01-01T00:00:00,0.5,0.5
12,2026-01-31T00:00:00,0.5,0.5
13,2026-01-01T00:00:00,0.5,0.5
13,2026-01-31T00:00:00,0.5,0.5
14,2026-01-01T00:00:00,0.5,0.5
14,2026-01-31T00:00:00,0.5,0.5
15,2026-01-01T00:00:00,0.5,0.5
15,2026-01-31T00:00:00,0.5,0.5
16,2026-01-01T00:00:00,0.5,0.5
16,2026-01-31T00:00:00,0.5,0.5
17,2026-01-01T00:00:00,0.5,0.5
17,2026-01-31T00:00:00,0.5,0.5
18,2026-01-01T00:00:00,0.5,0.5
18,2026-01-31T00:00:00,0.5,0.5
19,2026-01-01T00:00:00,0.5,0.5
19,2026-01-31T00:00:00,1.5,0.5
20,2026-01-01T00:00:00,1.5,0.5
20,2026-01-31T00:00:00,1.5,0.5
21,2026-01-01T00:00:00,1.5,0.5
21,2026-01-31T00:00:00,1.5,0.5
22,2026-01-01T00:00:00,1.5,0.5
22,2026-01-31T00:00:00,1.5,0.5
23,2026-01-01T00:00:00,1.5,0.5
23,2026-01-31T00:00:00,1.5,0.5
24,2026-01-01T00:00:00,1.5,0.5
24,2026-01-31T00:00:00,1.5,0.5
25,2026-01-01T00:00:00,1.5,0.5
25,2026-01-31T00:00:00,1.5,0.5
26,2026-01-01T00:00:00,1.5,0.5
26,2026-01-31T00:00:00,1.5,0.5
27,2026-01-01T00:00:00,1.5,0.5
27,2026-01-31T00:00:00,1.5,0.5
28,2026-01-01T00:00:00,1.5,0.5
28,2026-01-31T00:00:00,1.5,0.5
29,2026-01-01T00:00:00,1.5,0.5
29,2026-01-31T00:00:00,1.5,0.5
30,2026-01-01T00:00:00,1.5,0.5
30,2026-01-31T00:00:00,1.5,0.5
31,2026-01-01T00:00:00,1.5,0.5
31,2026-01-31T00:00:00,1.5,0.5
32,2026-01-01T00:00:00,1.5,0.5
32,2026-01-31T00:00:00,1.5,0.5
33,2026-01-01T00:00:00,1.5,0.5
33,2026-01-31T00:00:00,1.5,0.5
34,2026-01-01T00:00:00,1.5,0.5
34,2026-01-31T00:00:00,1.5,0.5
35,2026-01-01T00:00:00,1.5,0.5
35,2026-01-31T00:00:00,1.5,0.5
36,2026-01-01T00:00:00,1.5,0.5
36,2026-01-31T00:00:00,1.5,0.5
37,2026-01-01T00:00:00,1.5,0.5
37,2026-01-31T00:00:00,1.5,0.5
38,2026-01-01T00:00:00,1.5,0.5
38,2026-01-31T00:00:00,1.5,0.5
39,2026-01-01T00:00:00,1.5,0.5
39,2026-01-31T00:00:00,2.5,0.5
40,2026-01-01T00:00:00,2.5,0.5
40,2026-01-31T00:00:00,2.5,0.5
41,2026-01-01T00:00:00,2.5,0.5
41,2026-01-31T00:00:00,2.5,0.5
42,2026-01-01T00:00:00,2.5,0.5
42,2026-01-31T00:00:00,2.5,0.5
43,2026-01-01T00:00:00,2.5,0.5
43,2026-01-31T00:00:00,2.5,0.5
44,2026-01-01T00:00:00,2.5,0.5
44,2026-01-31T00:00:00,2.5,0.5
45,2026-01-01T00:00:00,2.5,0.5
45,2026-01-31T00:00:00,2.5,0.5
46,2026-01-01T00:00:00,2.5,0.5
46,2026-01-31T00:00:00,2.5,0.5
47,2026-01-01T00:00:00,2.5,0.5
47,2026-01-31T00:00:00,2.5,0.5
48,2026-01-01T00:00:00,2.5,0.5
48,2026-01-31T00:00:00,2.5,0.5
49,2026-01-01T00:00:00,2.5,0.5
49,2026-01-31T00:00:00,2.5,0.5
50,2026-01-01T00:00:00,2.5,0.5
50,2026-01-31T00:00:00,2.5,0.5
51,2026-01-01T00:00:00,2.5,0.5
51,2026-01-31T00:00:00,2.5,0.5
52,2026-01-01T00:00:00,2.5,0.5
52,2026-01-31T00:00:00,2.5,0.5
53,2026-01-01T00:00:00,2.5,0.5
53,2026-01-31T00:00:00,2.5,0.5
54,2026-01-01T00:00:00,2.5,0.5
54,2026-01-31T00:00:00,2.5,0.5
55,2026-01-01T00:00:00,2.5,0.5
55,2026-01-31T00:00:00,2.5,0.5
56,2026-01-01T00:00:00,2.5,0.5
56,2026-01-31T00:00:00,2.5,0.5
57,2026-01-01T00:00:00,2.5,0.5
57,2026-01-31T00:00:00,2.5,0.5
58,2026-01-01T00:00:00,2.5,0.5
58,2026-01-31T00:00:00,2.5,0.5
59,2026-01-01T00:00:00,2.5,0.5
59,2026-01-31T00:00:00,3.5,0.5
60,2026-01-01T00:00:00,3.5,0.5
60,2026-01-31T00:00:00,3.5,0.5
61,2026-01-01T00:00:00,3.5,0.5
61,2026-01-31T00:00:00,3.5,0.5
62,2026-01-01T00:00:00,3.5,0.5
62,2026-01-31T00:00:00,3.5,0.5
63,2026-01-01T00:00:00,3.5,0.5
63,2026-01-31T00:00:00,3.5,0.5
64,2026-01-01T00:00:00,3.5,0.5
64,2026-01-31T00:00:00,3.5,0.5
65,2026-01-01T00:00:00,3.5,0.5
65,2026-01-31T00:00:00,3.5,0.5
66,2026-01-01T00:00:00,3.5,0.5
66,2026-01-31T00:00:00,3.5,0.5
67,2026-01-01T00:00:00,3.5,0.5
67,2026-01-31T00:00:00,3.5,0.5
68,2026-01-01T00:00:00,3.5,0.5
68,2026-01-31T00:00:00,3.5,0.5
69,2026-01-01T00:00:00,3.5,0.5
69,2026-01-31T00:00:00,3.5,0.5
70,2026-01-01T00:00:00,3.5,0.5
70,2026-01-31T00:00:00,3.5,0.5
71,2026-01-01T00:00:00,3.5,0.5
71,2026-01-31T00:00:00,3.5,0.5
72,2026-01-01T00:00:00,3.5,0.5
72,2026-01-31T00:00:00,3.5,0.5
73,2026-01-01T00:00:00,3.5,0.5
73,2026-01-31T00:00:00,3.5,0.5
74,2026-01-01T00:00:00,3.5,0.5
74,2026-01-31T00:00:00,3.5,0.5
75,2026-01-01T00:00:00,3.5,0.5
75,2026-01-31T00:00:00,3.5,0.5
76,2026-01-01T00:00:00,3.5,0.5
76,2026-01-31T00:00:00,3.5,0.5
77,2026-01-01T00:00:00,3.5,0.5
77,2026-01-31T00:00:00,3.5,0.5
78,2026-01-01T00:00:00,3.5,0.5
78,2026-01-31T00:00:00,3.5,0.5
79,2026-01-01T00:00:00,3.5,0.5
79,2026-01-31T00:00:00,4.5,0.5
80,2026-01-01T00:00:00,4.5,0.5
80,2026-01-31T00:00:00,4.5,0.5
81,2026-01-01T00:00:00,4.5,0.5
81,2026-01-31T00:00:00,4.5,0.5
82,2026-01-01T00:00:00,4.5,0.5
82,2026-01-31T00:00:00,4.5,0.5
83,2026-01-01T00:00:00,4.5,0.5
83,2026-01-31T00:00:00,4.5,0.5
84,2026-01-01T00:00:00,4.5,0.5
84,2026-01-31T00:00:00,4.5,0.5
85,2026-01-01T00:00:00,4.5,0.5
85,2026-01-31T00:00:00,4.5,0.5
86,2026-01-01T00:00:00,4.5,0.5
86,2026-01-31T00:00:00,4.5,0.5
87,2026-01-01T00:00:00,4.5,0.5
87,2026-01-31T00:00:00,4.5,0.5
88,2026-01-01T00:00:00,4.5,0.5
88,2026-01-31T00:00:00,4.5,0.5
89,2026-01-01T00:00:00,4.5,0.5
89,2026-01-31T00:00:00,4.5,0.5
90,2026-01-01T00:00:00,4.5,0.5
90,2026-01-31T00:00:00,4.5,0.5
91,2026-01-01T00:00:00,4.5,0.5
91,2026-01-31T00:00:00,4.5,0.5
92,2026-01-01T00:00:00,4.5,0.5
92,2026-01-31T00:00:00,4.5,0.5
93,2026-01-01T00:00:00,4.5,0.5
93,2026-01-31T00:00:00,4.5,0.5
94,2026-01-01T00:00:00,4.5,0.5
94,2026-01-31T00:00:00,4.5,0.5
95,2026-01-01T00:00:00,4.5,0.5
95,2026-01-31T00:00:00,4.5,0.5
96,2026-01-01T00:00:00,4.5,0.5
96,2026-01-31T00:00:00,4.5,0.5
97,2026-01-01T00:00:00,4.5,0.5
97,2026-01-31T00:00:00,4.5,0.5
98,2026-01-01T00:00:00,4.5,0.5
98,2026-01-31T00:00:00,4.5,0.5
99,2026-01-01T00:00:00,4.5,0.5
99,2026-01-31T00:00:00,5.5,0.5
100,2026-01-01T00:00:00,5.5,0.5
100,2026-01-31T00:00:00,5.5,0.5
101,2026-01-01T00:00:00,5.5,0.5
101,2026-01-31T00:00:00,5.5,0.5
102,2026-01-01T00:00:00,5.5,0.5
102,2026-01-31T00:00:00,5.5,0.5
103,2026-01-01T00:00:00,5.5,0.5
103,2026-01-31T00:00:00,5.5,0.5
104,2026-01-01T00:00:00,5.5,0.5
104,2026-01-31T00:00:00,5.5,0.5
105,2026-01-01T00:00:00,5.5,0.5
105,2026-01-31T00:00:00,5.5,0.5
106,2026-01-01T00:00:00,5.5,0.5
106,2026-01-31T00:00:00,5.5,0.5
107,2026-01-01T00:00:00,5.5,0.5
107,2026-01-31T00:00:00,5.5,0.5
108,2026-01-01T00:00:00,5.5,0.5
108,2026-01-31T00:00:00,5.5,0.5
109,2026-01-01T00:00:00,5.5,0.5
109,2026-01-31T00:00:00,5.5,0.5
110,2026-01-01T00:00:00,5.5,0.5
110,2026-01-31T00:00:00,5.5,0.5
111,2026-01-01T00:00:00,5.5,0.5
111,2026-01-31T00:00:00,5.5,0.5
112,2026-01-01T00:00:00,5.5,0.5
112,2026-01-31T00:00:00,5.5,0.5
113,2026-01-01T00:00:00,5.5,0.5
113,2026-01-31T00:00:00,5.5,0.5
114,2026-01-01T00:00:00,5.5,0.5
114,2026-01-31T00:00:00,5.5,0.5
115,2026-01-01T00:00:00,5.5,0.5
115,2026-01-31T00:00:00,5.5,0.5
116,2026-01-01T00:00:00,5.5,0.5
116,2026-01-31T00:00:00,5.5,0.5
117,2026-01-01T00:00:00,5.5,0.5
117,2026-01-31T00:00:00,5.5,0.5
118,2026-01-01T00:00:00,5.5,0.5
118,2026-01-31T00:00:00,5.5,0.5
119,2026-01-01T00:00:00,5.5,0.5
119,2026-01-31T00:00:00,6.5,0.5
120,2026-01-01T00:00:00,6.5,0.5
120,2026-01-31T00:00:00,6.5,0.5
121,2026-01-01T00:00:00,6.5,0.5
121,2026-01-31T00:00:00,6.5,0.5
122,2026-01-01T00:00:00,6.5,0.5
122,2026-01-31T00:00:00,6.5,0.5
123,2026-01-01T00:00:00,6.5,0.5
123,2026-01-31T00:00:00,6.5,0.5
124,2026-01-01T00:00:00,6.5,0.5
124,2026-01-31T00:00:00,6.5,0.5
125,2026-01-01T00:00:00,6.5,0.5
125,2026-01-31T00:00:00,6.5,0.5
126,2026-01-01T00:00:00,6.5,0.5
126,2026-01-31T00:00:00,6.5,0.5
127,2026-01-01T00:00:00,6.5,0.5
127,2026-01-31T00:00:00,6.5,0.5
128,2026-01-01T00:00:00,6.5,0.5
128,2026-01-31T00:00:00,6.5,0.5
129,2026-01-01T00:00:00,6.5,0.5
129,2026-01-31T00:00:00,6.5,0.5
130,2026-01-01T00:00:00,6.5,0.5
130,2026-01-31T00:00:00,6.5,0.5
131,2026-01-01T00:00:00,6.5,0.5
131,2026-01-31T00:00:00,6.5,0.5
132,2026-01-01T00:00:00,6.5,0.5
132,2026-01-31T00:00:00,6.5,0.5
133,2026-01-01T00:00:00,6.5,0.5
133,2026-01-31T00:00:00,6.5,0.5
134,2026-01-01T00:00:00,6.5,0.5
134,2026-01-31T00:00:00,6.5,0.5
135,2026-01-01T00:00:00,6.5,0.5
135,2026-01-31T00:00:00,6.5,0.5
136,2026-01-01T00:00:00,6.5,0.5
136,2026-01-31T00:00:00,6.5,0.5
137,2026-01-01T00:00:00,6.5,0.5
137,2026-01-31T00:00:00,6.5,0.5
138,2026-01-01T00:00:00,6.5,0.5
138,2026-01-31T00:00:00,6.5,0.5
139,2026-01-01T00:00:00,6.5,0.5
139,2026-01-31T00:00:00,7.5,0.5
140,2026-01-01T00:00:00,7.5,0.5
140,2026-01-31T00:00:00,7.5,0.5
141,2026-01-01T00:00:00,7.5,0.5
141,2026-01-31T00:00:00,7.5,0.5
142,2026-01-01T00:00:00,7.5,0.5
142,2026-01-31T00:00:00,7.5,0.5
143,2026-01-01T00:00:00,7.5,0.5
143,2026-01-31T00:00:00,7.5,0.5
144,2026-01-01T00:00:00,7.5,0.5
144,2026-01-31T00:00:00,7.5,0.5
145,2026-01-01T00:00:00,7.5,0.5
145,2026-01-31T00:00:00,7.5,0.5
146,2026-01-01T00:00:00,7.5,0.5
146,2026-01-31T00:00:00,7.5,0.5
147,2026-01-01T00:00:00,7.5,0.5
147,2026-01-31T00:00:00,7.5,0.5
148,2026-01-01T00:00:00,7.5,0.5
148,2026-01-31T00:00:00,7.5,0.5
149,2026-01-01T00:00:00,7.5,0.5
149,2026-01-31T00:00:00,7.5,0.5
150,2026-01-01T00:00:00,7.5,0.5
150,2026-01-31T00:00:00,7.5,0.5
151,2026-01-01T00:00:00,7.5,0.5
151,2026-01-31T00:00:00,7.5,0.5
152,2026-01-01T00:00:00,7.5,0.5
152,2026-01-31T00:00:00,7.5,0.5
153,2026-01-01T00:00:00,7.5,0.5
153,2026-01-31T00:00:00,7.5,0.5
154,2026-01-01T00:00:00,7.5,0.5
154,2026-01-31T00:00:00,7.5,0.5
155,2026-01-01T00:00:00,7.5,0.5
155,2026-01-31T00:00:00,7.5,0.5
156,2026-01-01T00:00:00,7.5,0.5
156,2026-01-31T00:00:00,7.5,0.5
157,2026-01-01T00:00:00,7.5,0.5
157,2026-01-31T00:00:00,7.5,0.5
158,2026-01-01T00:00:00,7.5,0.5
158,2026-01-31T00:00:00,7.5,0.5
159,2026-01-01T00:00:00,7.5,0.5
159,2026-01-31T00:00:00,8.5,0.5
160,2026-01-01T00:00:00,8.5,0.5
160,2026-01-31T00:00:00,8.5,0.5
161,2026-01-01T00:00:00,8.5,0.5
161,2026-01-31T00:00:00,8.5,0.5
162,2026-01-01T00:00:00,8.5,0.5
162,2026-01-31T00:00:00,8.5,0.5
163,2026-01-01T00:00:00,8.5,0.5
163,2026-01-31T00:00:00,8.5,0.5
164,2026-01-01T00:00:00,8.5,0.5
164,2026-01-31T00:00:00,8.5,0.5
165,2026-01-01T00:00:00,8.5,0.5
165,2026-01-31T00:00:00,8.5,0.5
166,2026-01-01T00:00:00,8.5,0.5
166,2026-01-31T00:00:00,8.5,0.5
167,2026-01-01T00:00:00,8.5,0.5
167,2026-01-31T00:00:00,8.5,0.5
168,2026-01-01T00:00:00,8.5,0.5
168,2026-01-31T00:00:00,8.5,0.5
169,2026-01-01T00:00:00,8.5,0.5
169,2026-01-31T00:00:00,8.5,0.5
170,2026-01-01T00:00:00,8.5,0.5
170,2026-01-31T00:00:00,8.5,0.5
171,2026-01-01T00:00:00,8.5,0.5
171,2026-01-31T00:00:00,8.5,0.5
172,2026-01-01T00:00:00,8.5,0.5
172,2026-01-31T00:00:00,8.5,0.5
173,2026-01-01T00:00:00,8.5,0.5
173,2026-01-31T00:00:00,8.5,0.5
174,2026-01-01T00:00:00,8.5,0.5
174,2026-01-31T00:00:00,8.5,0.5
175,2026-01-01T00:00:00,8.5,0.5
175,2026-01-31T00:00:00,8.5,0.5
176,2026-01-01T00:00:00,8.5,0.5
176,2026-01-31T00:00:00,8.5,0.5
177,2026-01-01T00:00:00,8.5,0.5
177,2026-01-31T00:00:00,8.5,0.5
178,2026-01-01T00:00:00,8.5,0.5
178,2026-01-31T00:00:00,8.5,0.5
179,2026-01-01T00:00:00,8.5,0.5
179,2026-01-31T00:00:00,9.5,0.5
180,2026-01-01T00:00:00,9.5,0.5
180,2026-01-31T00:00:00,9.5,0.5
181,2026-01-01T00:00:00,9.5,0.5
181,2026-01-31T00:00:00,9.5,0.5
182,2026-01-01T00:00:00,9.5,0.5
182,2026-01-31T00:00:00,9.5,0.5
183,2026-01-01T00:00:00,9.5,0.5
183,2026-01-31T00:00:00,9.5,0.5
184,2026-01-01T00:00:00,9.5,0.5
184,2026-01-31T00:00:00,9.5,0.5
185,2026-01-01T00:00:00,9.5,0.5
185,2026-01-31T00:00:00,9.5,0.5
186,2026-01-01T00:00:00,9.5,0.5
186,2026-01-31T00:00:00,9.5,0.5
187,2026-01-01T00:00:00,9.5,0.5
187,2026-01-31T00:00:00,9.5,0.5
188,2026-01-01T00:00:00,9.5,0.5
188,2026-01-31T00:00:00,9.5,0.5
189,2026-01-01T00:00:00,9.5,0.5
189,2026-01-31T00:00:00,9.5,0.5
190,2026-01-01T00:00:00,9.5,0.5
190,2026-01-31T00:00:00,9.5,0.5
191,2026-01-01T00:00:00,9.5,0.5
191,2026-01-31T00:00:00,9.5,0.5
192,2026-01-01T00:00:00,9.5,0.5
192,2026-01-31T00:00:00,9.5,0.5
193,2026-01-01T00:00:00,9.5,0.5
193,2026-01-31T00:00:00,9.5,0.5
194,2026-01-01T00:00:00,9.5,0.5
194,2026-01-31T00:00:00,9.5,0.5
195,2026-01-01T00:00:00,9.5,0.5
195,2026-01-31T00:00:00,9.5,0.5
196,2026-01-01T00:00:00,9.5,0.5
196,2026-01-31T00:00:00,9.5,0.5
197,2026-01-01T00:00:00,9.5,0.5
197,2026-01-31T00:00:00,9.5,0.5
198,2026-01-01T00:00:00,9.5,0.5
198,2026-01-31T00:00:00,9.5,0.5
199,2026-01-01T00:00:00,9.5,0.5
199,2026-01-31T00:00:00,10.5,0.5
200,2026-01-01T00:00:00,10.5,0.5
200,2026-01-31T00:00:00,10.5,0.5
201,2026-01-01T00:00:00,10.5,0.5
201,2026-01-31T00:00:00,10.5,0.5
202,2026-01-01T00:00:00,10.5,0.5
202,2026-01-31T00:00:00,10.5,0.5
203,2026-01-01T00:00:00,10.5,0.5
203,2026-01-31T00:00:00,10.5,0.5
204,2026-01-01T00:00:00,10.5,0.5
204,2026-01-31T00:00:00,10.5,0.5
205,2026-01-01T00:00:00,10.5,0.5
205,2026-01-31T00:00:00,10.5,0.5
206,2026-01-01T00:00:00,10.5,0.5
206,2026-01-31T00:00:00,10.5,0.5
207,2026-01-01T00:00:00,10.5,0.5
207,2026-01-31T00:00:00,10.5,0.5
208,2026-01-01T00:00:00,10.5,0.5
208,2026-01-31T00:00:00,10.5,0.5
209,2026-01-01T00:00:00,10.5,0.5
209,2026-01-31T00:00:00,10.5,0.5
210,2026-01-01T00:00:00,10.5,0.5
210,2026-01-31T00:00:00,10.5,0.5
211,2026-01-01T00:00:00,10.5,0.5
211,2026-01-31T00:00:00,10.5,0.5
212,2026-01-01T00:00:00,10.5,0.5
212,2026-01-31T00:00:00,10.5,0.5
213,2026-01-01T00:00:00,10.5,0.5
213,2026-01-31T00:00:00,10.5,0.5
214,2026-01-01T00:00:00,10.5,0.5
214,2026-01-31T00:00:00,10.5,0.5
215,2026-01-01T00:00:00,10.5,0.5
215,2026-01-31T00:00:00,10.5,0.5
216,2026-01-01T00:00:00,10.5,0.5
216,2026-01-31T00:00:00,10.5,0.5
217,2026-01-01T00:00:00,10.5,0.5
217,2026-01-31T00:00:00,10.5,0.5
218,2026-01-01T00:00:00,10.5,0.5
218,2026-01-31T00:00:00,10.5,0.5
219,2026-01-01T00:00:00,10.5,0.5
219,2026-01-31T00:00:00,9.5,0.5
220,2026-01-01T00:00:00,0.5,1.5
220,2026-01-31T00:00:00,0.5,1.5
221,2026-01-01T00:00:00,0.5,1.5
221,2026-01-31T00:00:00,0.5,1.5
222,2026-01-01T00:00:00,0.5,1.5
222,2026-01-31T00:00:00,0.5,1.5
223,2026-01-01T00:00:00,0.5,1.5
223,2026-01-31T00:00:00,0.5,1.5
224,2026-01-01T00:00:00,0.5,1.5
224,2026-01-31T00:00:00,0.5,1.5
225,2026-01-01T00:00:00,0.5,1.5
225,2026-01-31T00:00:00,0.5,1.5
226,2026-01-01T00:00:00,0.5,1.5
226,2026-01-31T00:00:00,0.5,1.5
227,2026-01-01T00:00:00,0.5,1.5
227,2026-01-31T00:00:00,0.5,1.5
228,2026-01-01T00:00:00,0.5,1.5
228,2026-01-31T00:00:00,0.5,1.5
229,2026-01-01T00:00:00,0.5,1.5
229,2026-01-31T00:00:00,0.5,1.5
230,2026-01-01T00:00:00,0.5,1.5
230,2026-01-31T00:00:00,0.5,1.5
231,2026-01-01T00:00:00,0.5,1.5
231,2026-01-31T00:00:00,0.5,1.5
232,2026-01-01T00:00:00,0.5,1.5
232,2026-01-31T00:00:00,0.5,1.5
233,2026-01-01T00:00:00,0.5,1.5
233,2026-01-31T00:00:00,0.5,1.5
234,2026-01-01T00:00:00,0.5,1.5
234,2026-01-31T00:00:00,0.5,1.5
235,2026-01-01T00:00:00,0.5,1.5
235,2026-01-31T00:00:00,0.5,1.5
236,2026-01-01T00:00:00,0.5,1.5
236,2026-01-31T00:00:00,0.5,1.5
237,2026-01-01T00:00:00,0.5,1.5
237,2026-01-31T00:00:00,0.5,1.5
238,2026-01-01T00:00:00,0.5,1.5
238,2026-01-31T00:00:00,1.5,1.5
239,2026-01-01T00:00:00,0.5,1.5
239,2026-01-31T00:00:00,1.5,1.5
240,2026-01-01T00:00:00,1.5,1.5
240,2026-01-31T00:00:00,1.5,1.5
241,2026-01-01T00:00:00,1.5,1.5
241,2026-01-31T00:00:00,1.5,1.5
242,2026-01-01T00:00:00,1.5,1.5
242,2026-01-31T00:00:00,1.5,1.5
243,2026-01-01T00:00:00,1.5,1.5
243,2026-01-31T00:00:00,1.5,1.5
244,2026-01-01T00:00:00,1.5,1.5
244,2026-01-31T00:00:00,1.5,1.5
245,2026-01-01T00:00:00,1.5,1.5
245,2026-01-31T00:00:00,1.5,1.5
246,2026-01-01T00:00:00,1.5,1.5
246,2026-01-31T00:00:00,1.5,1.5
247,2026-01-01T00:00:00,1.5,1.5
247,2026-01-31T00:00:00,1.5,1.5
248,2026-01-01T00:00:00,1.5,1.5
248,2026-01-31T00:00:00,1.5,1.5
249,2026-01-01T00:00:00,1.5,1.5
249,2026-01-31T00:00:00,1.5,1.5
250,2026-01-01T00:00:00,1.5,1.5
250,2026-01-31T00:00:00,1.5,1.5
251,2026-01-01T00:00:00,1.5,1.5
251,2026-01-31T00:00:00,1.5,1.5
252,2026-01-01T00:00:00,1.5,1.5
252,2026-01-31T00:00:00,1.5,1.5
253,2026-01-01T00:00:00,1.5,1.5
253,2026-01-31T00:00:00,1.5,1.5
254,2026-01-01T00:00:00,1.5,1.5
254,2026-01-31T00:00:00,1.5,1.5
255,2026-01-01T00:00:00,1.5,1.5
255,2026-01-31T00:00:00,1.5,1.5
256,2026-01-01T00:00:00,1.5,1.5
256,2026-01-31T00:00:00,1.5,1.5
257,2026-01-01T00:00:00,1.5,1.5
257,2026-01-31T00:00:00,1.5,1.5
258,2026-01-01T00:00:00,1.5,1.5
258,2026-01-31T00:00:00,2.5,1.5
259,2026-01-01T00:00:00,1.5,1.5
259,2026-01-31T00:00:00,2.5,1.5
260,2026-01-01T00:00:00,2.5,1.5
260,2026-01-31T00:00:00,2.5,1.5
261,2026-01-01T00:00:00,2.5,1.5
261,2026-01-31T00:00:00,2.5,1.5
262,2026-01-01T00:00:00,2.5,1.5
262,2026-01-31T00:00:00,2.5,1.5
263,2026-01-01T00:00:00,2.5,1.5
263,2026-01-31T00:00:00,2.5,1.5
264,2026-01-01T00:00:00,2.5,1.5
264,2026-01-31T00:00:00,2.5,1.5
265,2026-01-01T00:00:00,2.5,1.5
265,2026-01-31T00:00:00,2.5,1.5
266,2026-01-01T00:00:00,2.5,1.5
266,2026-01-31T00:00:00,2.5,1.5
267,2026-01-01T00:00:00,2.5,1.5
267,2026-01-31T00:00:00,2.5,1.5
268,2026-01-01T00:00:00,2.5,1.5
268,2026-01-31T00:00:00,2.5,1.5
269,2026-01-01T00:00:00,2.5,1.5
269,2026-01-31T00:00:00,2.5,1.5
270,2026-01-01T00:00:00,2.5,1.5
270,2026-01-31T00:00:00,2.5,1.5
271,2026-01-01T00:00:00,2.5,1.5
271,2026-01-31T00:00:00,2.5,1.5
272,2026-01-01T00:00:00,2.5,1.5
272,2026-01-31T00:00:00,2.5,1.5
273,2026-01-01T00:00:00,2.5,1.5
273,2026-01-31T00:00:00,2.5,1.5
274,2026-01-01T00:00:00,2.5,1.5
274,2026-01-31T00:00:00,2.5,1.5
275,2026-01-01T00:00:00,2.5,1.5
275,2026-01-31T00:00:00,2.5,1.5
276,2026-01-01T00:00:00,2.5,1.5
276,2026-01-31T00:00:00,2.5,1.5
277,2026-01-01T00:00:00,2.5,1.5
277,2026-01-31T00:00:00,2.5,1.5
278,2026-01-01T00:00:00,2.5,1.5
278,2026-01-31T00:00:00,3.5,1.5
279,2026-01-01T00:00:00,2.5,1.5
279,2026-01-31T00:00:00,3.5,1.5
280,2026-01-01T00:00:00,3.5,1.5
280,2026-01-31T00:00:00,3.5,1.5
281,2026-01-01T00:00:00,3.5,1.5
281,2026-01-31T00:00:00,3.5,1.5
282,2026-01-01T00:00:00,3.5,1.5
282,2026-01-31T00:00:00,3.5,1.5
283,2026-01-01T00:00:00,3.5,1.5
283,2026-01-31T00:00:00,3.5,1.5
284,2026-01-01T00:00:00,3.5,1.5
284,2026-01-31T00:00:00,3.5,1.5
285,2026-01-01T00:00:00,3.5,1.5
285,2026-01-31T00:00:00,3.5,1.5
286,2026-01-01T00:00:00,3.5,1.5
286,2026-01-31T00:00:00,3.5,1.5
287,2026-01-01T00:00:00,3.5,1.5
287,2026-01-31T00:00:00,3.5,1.5
288,2026-01-01T00:00:00,3.5,1.5
288,2026-01-31T00:00:00,3.5,1.5
289,2026-01-01T00:00:00,3.5,1.5
289,2026-01-31T00:00:00,3.5,1.5
290,2026-01-01T00:00:00,3.5,1.5
290,2026-01-31T00:00:00,3.5,1.5
291,2026-01-01T00:00:00,3.5,1.5
291,2026-01-31T00:00:00,3.5,1.5
292,2026-01-01T00:00:00,3.5,1.5
292,2026-01-31T00:00:00,3.5,1.5
293,2026-01-01T00:00:00,3.5,1.5
293,2026-01-31T00:00:00,3.5,1.5
294,2026-01-01T00:00:00,3.5,1.5
294,2026-01-31T00:00:00,3.5,1.5
295,2026-01-01T00:00:00,3.5,1.5
295,2026-01-31T00:00:00,3.5,1.5
296,2026-01-01T00:00:00,3.5,1.5
296,2026-01-31T00:00:00,3.5,1.5
297,2026-01-01T00:00:00,3.5,1.5
297,2026-01-31T00:00:00,3.5,1.5
298,2026-01-01T00:00:00,3.5,1.5
298,2026-01-31T00:00:00,4.5,1.5
299,2026-01-01T00:00:00,3.5,1.5
299,2026-01-31T00:00:00,4.5,1.5
300,2026-01-01T00:00:00,4.5,1.5
300,2026-01-31T00:00:00,4.5,1.5
301,2026-01-01T00:00:00,4.5,1.5
301,2026-01-31T00:00:00,4.5,1.5
302,2026-01-01T00:00:00,4.5,1.5
302,2026-01-31T00:00:00,4.5,1.5
303,2026-01-01T00:00:00,4.5,1.5
303,2026-01-31T00:00:00,4.5,1.5
304,2026-01-01T00:00:00,4.5,1.5
304,2026-01-31T00:00:00,4.5,1.5
305,2026-01-01T00:00:00,4.5,1.5
305,2026-01-31T00:00:00,4.5,1.5
306,2026-01-01T00:00:00,4.5,1.5
306,2026-01-31T00:00:00,4.5,1.5
307,2026-01-01T00:00:00,4.5,1.5
307,2026-01-31T00:00:00,4.5,1.5
308,2026-01-01T00:00:00,4.5,1.5
308,2026-01-31T00:00:00,4.5,1.5
309,2026-01-01T00:00:00,4.5,1.5
309,2026-01-31T00:00:00,4.5,1.5
310,2026-01-01T00:00:00,4.5,1.5
310,2026-01-31T00:00:00,4.5,1.5
311,2026-01-01T00:00:00,4.5,1.5
311,2026-01-31T00:00:00,4.5,1.5
312,2026-01-01T00:00:00,4.5,1.5
312,2026-01-31T00:00:00,4.5,1.5
313,2026-01-01T00:00:00,4.5,1.5
313,2026-01-31T00:00:00,4.5,1.5
314,2026-01-01T00:00:00,4.5,1.5
314,2026-01-31T00:00:00,4.5,1.5
315,2026-01-01T00:00:00,4.5,1.5
315,2026-01-31T00:00:00,4.5,1.5
316,2026-01-01T00:00:00,4.5,1.5
316,2026-01-31T00:00:00,4.5,1.5
317,2026-01-01T00:00:00,4.5,1.5
317,2026-01-31T00:00:00,4.5,1.5
318,2026-01-01T00:00:00,4.5,1.5
318,2026-01-31T00:00:00,5.5,1.5
319,2026-01-01T00:00:00,4.5,1.5
319,2026-01-31T00:00:00,5.5,1.5
320,2026-01-01T00:00:00,5.5,1.5
320,2026-01-31T00:00:00,5.5,1.5
321,2026-01-01T00:00:00,5.5,1.5
321,2026-01-31T00:00:00,5.5,1.5
322,2026-01-01T00:00:00,5.5,1.5
322,2026-01-31T00:00:00,5.5,1.5
323,2026-01-01T00:00:00,5.5,1.5
323,2026-01-31T00:00:00,5.5,1.5
324,2026-01-01T00:00:00,5.5,1.5
324,2026-01-31T00:00:00,5.5,1.5
325,2026-01-01T00:00:00,5.5,1.5
325,2026-01-31T00:00:00,5.5,1.5
326,2026-01-01T00:00:00,5.5,1.5
326,2026-01-31T00:00:00,5.5,1.5
327,2026-01-01T00:00:00,5.5,1.5
327,2026-01-31T00:00:00,5.5,1.5
328,2026-01-01T00:00:00,5.5,1.5
328,2026-01-31T00:00:00,5.5,1.5
329,2026-01-01T00:00:00,5.5,1.5
329,2026-01-31T00:00:00,5.5,1.5
330,2026-01-01T00:00:00,5.5,1.5
330,2026-01-31T00:00:00,5.5,1.5
331,2026-01-01T00:00:00,5.5,1.5
331,2026-01-31T00:00:00,5.5,1.5
332,2026-01-01T00:00:00,5.5,1.5
332,2026-01-31T00:00:00,5.5,1.5
333,2026-01-01T00:00:00,5.5,1.5
333,2026-01-31T00:00:00,5.5,1.5
334,2026-01-01T00:00:00,5.5,1.5
334,2026-01-31T00:00:00,5.5,1.5
335,2026-01-01T00:00:00,5.5,1.5
335,2026-01-31T00:00:00,5.5,1.5
336,2026-01-01T00:00:00,5.5,1.5
336,2026-01-31T00:00:00,5.5,1.5
337,2026-01-01T00:00:00,5.5,1.5
337,2026-01-31T00:00:00,5.5,1.5
338,2026-01-01T00:00:00,5.5,1.5
338,2026-01-31T00:00:00,6.5,1.5
339,2026-01-01T00:00:00,5.5,1.5
339,2026-01-31T00:00:00,6.5,1.5
340,2026-01-01T00:00:00,6.5,1.5
340,2026-01-31T00:00:00,6.5,1.5
341,2026-01-01T00:00:00,6.5,1.5
341,2026-01-31T00:00:00,6.5,1.5
342,2026-01-01T00:00:00,6.5,1.5
342,2026-01-31T00:00:00,6.5,1.5
343,2026-01-01T00:00:00,6.5,1.5
343,2026-01-31T00:00:00,6.5,1.5
344,2026-01-01T00:00:00,6.5,1.5
344,2026-01-31T00:00:00,6.5,1.5
345,2026-01-01T00:00:00,6.5,1.5
345,2026-01-31T00:00:00,6.5,1.5
346,2026-01-01T00:00:00,6.5,1.5
346,2026-01-31T00:00:00,6.5,1.5
347,2026-01-01T00:00:00,6.5,1.5
347,2026-01-31T00:00:00,6.5,1.5
348,2026-01-01T00:00:00,6.5,1.5
348,2026-01-31T00:00:00,6.5,1.5
349,2026-01-01T00:00:00,6.5,1.5
349,2026-01-31T00:00:00,6.5,1.5
350,2026-01-01T00:00:00,6.5,1.5
350,2026-01-31T00:00:00,6.5,1.5
351,2026-01-01T00:00:00,6.5,1.5
351,2026-01-31T00:00:00,6.5,1.5
352,2026-01-01T00:00:00,6.5,1.5
352,2026-01-31T00:00:00,6.5,1.5
353,2026-01-01T00:00:00,6.5,1.5
353,2026-01-31T00:00:00,6.5,1.5
354,2026-01-01T00:00:00,6.5,1.5
354,2026-01-31T00:00:00,6.5,1.5
355,2026-01-01T00:00:00,6.5,1.5
355,2026-01-31T00:00:00,6.5,1.5
356,2026-01-01T00:00:00,6.5,1.5
356,2026-01-31T00:00:00,6.5,1.5
357,2026-01-01T00:00:00,6.5,1.5
357,2026-01-31T00:00:00,6.5,1.5
358,2026-01-01T00:00:00,6.5,1.5
358,2026-01-31T00:00:00,7.5,1.5
359,2026-01-01T00:00:00,6.5,1.5
359,2026-01-31T00:00:00,7.5,1.5
360,2026-01-01T00:00:00,7.5,1.5
360,2026-01-31T00:00:00,7.5,1.5
361,2026-01-01T00:00:00,7.5,1.5
361,2026-01-31T00:00:00,7.5,1.5
362,2026-01-01T00:00:00,7.5,1.5
362,2026-01-31T00:00:00,7.5,1.5
363,2026-01-01T00:00:00,7.5,1.5
363,2026-01-31T00:00:00,7.5,1.5
364,2026-01-01T00:00:00,7.5,1.5
364,2026-01-31T00:00:00,7.5,1.5
365,2026-01-01T00:00:00,7.5,1.5
365,2026-01-31T00:00:00,7.5,1.5
366,2026-01-01T00:00:00,7.5,1.5
366,2026-01-31T00:00:00,7.5,1.5
367,2026-01-01T00:00:00,7.5,1.5
367,2026-01-31T00:00:00,7.5,1.5
368,2026-01-01T00:00:00,7.5,1.5
368,2026-01-31T00:00:00,7.5,1.5
369,2026-01-01T00:00:00,7.5,1.5
369,2026-01-31T00:00:00,7.5,1.5
370,2026-01-01T00:00:00,7.5,1.5
370,2026-01-31T00:00:00,7.5,1.5
371,2026-01-01T00:00:00,7.5,1.5
371,2026-01-31T00:00:00,7.5,1.5
372,2026-01-01T00:00:00,7.5,1.5
372,2026-01-31T00:00:00,7.5,1.5
373,2026-01-01T00:00:00,7.5,1.5
373,2026-01-31T00:00:00,7.5,1.5
374,2026-01-01T00:00:00,7.5,1.5
374,2026-01-31T00:00:00,7.5,1.5
375,2026-01-01T00:00:00,7.5,1.5
375,2026-01-31T00:00:00,7.5,1.5
376,2026-01-01T00:00:00,7.5,1.5
376,2026-01-31T00:00:00,7.5,1.5
377,2026-01-01T00:00:00,7.5,1.5
377,2026-01-31T00:00:00,7.5,1.5
378,2026-01-01T00:00:00,7.5,1.5
378,2026-01-31T00:00:00,8.5,1.5
379,2026-01-01T00:00:00,7.5,1.5
379,2026-01-31T00:00:00,8.5,1.5
380,2026-01-01T00:00:00,8.5,1.5
380,2026-01-31T00:00:00,8.5,1.5
381,2026-01-01T00:00:00,8.5,1.5
381,2026-01-31T00:00:00,8.5,1.5
382,2026-01-01T00:00:00,8.5,1.5
382,2026-01-31T00:00:00,8.5,1.5
383,2026-01-01T00:00:00,8.5,1.5
383,2026-01-31T00:00:00,8.5,1.5
384,2026-01-01T00:00:00,8.5,1.5
384,2026-01-31T00:00:00,8.5,1.5
385,2026-01-01T00:00:00,8.5,1.5
385,2026-01-31T00:00:00,8.5,1.5
386,2026-01-01T00:00:00,8.5,1.5
386,2026-01-31T00:00:00,8.5,1.5
387,2026-01-01T00:00:00,8.5,1.5
387,2026-01-31T00:00:00,8.5,1.5
388,2026-01-01T00:00:00,8.5,1.5
388,2026-01-31T00:00:00,8.5,1.5
389,2026-01-01T00:00:00,8.5,1.5
389,2026-01-31T00:00:00,8.5,1.5
390,2026-01-01T00:00:00,8.5,1.5
390,2026-01-31T00:00:00,8.5,1.5
391,2026-01-01T00:00:00,8.5,1.5
391,2026-01-31T00:00:00,8.5,1.5
392,2026-01-01T00:00:00,8.5,1.5
392,2026-01-31T00:00:00,8.5,1.5
393,2026-01-01T00:00:00,8.5,1.5
393,2026-01-31T00:00:00,8.5,1.5
394,2026-01-01T00:00:00,8.5,1.5
394,2026-01-31T00:00:00,8.5,1.5
395,2026-01-01T00:00:00,8.5,1.5
395,2026-01-31T00:00:00,8.5,1.5
396,2026-01-01T00:00:00,8.5,1.5
396,2026-01-31T00:00:00,8.5,1.5
397,2026-01-01T00:00:00,8.5,1.5
397,2026-01-31T00:00:00,8.5,1.5
398,2026-01-01T00:00:00,8.5,1.5
398,2026-01-31T00:00:00,9.5,1.5
399,2026-01-01T00:00:00,8.5,1.5
399,2026-01-31T00:00:00,9.5,1.5
400,2026-01-01T00:00:00,9.5,1.5
400,2026-01-31T00:00:00,9.5,1.5
401,2026-01-01T00:00:00,9.5,1.5
401,2026-01-31T00:00:00,9.5,1.5
402,2026-01-01T00:00:00,9.5,1.5
402,2026-01-31T00:00:00,9.5,1.5
403,2026-01-01T00:00:00,9.5,1.5
403,2026-01-31T00:00:00,9.5,1.5
404,2026-01-01T00:00:00,9.5,1.5
404,2026-01-31T00:00:00,9.5,1.5
405,2026-01-01T00:00:00,9.5,1.5
405,2026-01-31T00:00:00,9.5,1.5
406,2026-01-01T00:00:00,9.5,1.5
406,2026-01-31T00:00:00,9.5,1.5
407,2026-01-01T00:00:00,9.5,1.5
407,2026-01-31T00:00:00,9.5,1.5
408,2026-01-01T00:00:00,9.5,1.5
408,2026-01-31T00:00:00,9.5,1.5
409,2026-01-01T00:00:00,9.5,1.5
409,2026-01-31T00:00:00,9.5,1.5
410,2026-01-01T00:00:00,9.5,1.5
410,2026-01-31T00:00:00,9.5,1.5
411,2026-01-01T00:00:00,9.5,1.5
411,2026-01-31T00:00:00,9.5,1.5
412,2026-01-01T00:00:00,9.5,1.5
412,2026-01-31T00:00:00,9.5,1.5
413,2026-01-01T00:00:00,9.5,1.5
413,2026-01-31T00:00:00,9.5,1.5
414,2026-01-01T00:00:00,9.5,1.5
414,2026-01-31T00:00:00,9.5,1.5
415,2026-01-01T00:00:00,9.5,1.5
415,2026-01-31T00:00:00,9.5,1.5
416,2026-01-01T00:00:00,9.5,1.5
416,2026-01-31T00:00:00,9.5,1.5
417,2026-01-01T00:00:00,9.5,1.5
417,2026-01-31T00:00:00,9.5,1.5
418,2026-01-01T00:00:00,9.5,1.5
418,2026-01-31T00:00:00,10.5,1.5
419,2026-01-01T00:00:00,9.5,1.5
419,2026-01-31T00:00:00,10.5,1.5
420,2026-01-01T00:00:00,10.5,1.5
420,2026-01-31T00:00:00,10.5,1.5
421,2026-01-01T00:00:00,10.5,1.5
421,2026-01-31T00:00:00,10.5,1.5
422,2026-01-01T00:00:00,10.5,1.5
422,2026-01-31T00:00:00,10.5,1.5
423,2026-01-01T00:00:00,10.5,1.5
423,2026-01-31T00:00:00,10.5,1.5
424,2026-01-01T00:00:00,10.5,1.5
424,2026-01-31T00:00:00,10.5,1.5
425,2026-01-01T00:00:00,10.5,1.5
425,2026-01-31T00:00:00,10.5,1.5
426,2026-01-01T00:00:00,10.5,1.5
426,2026-01-31T00:00:00,10.5,1.5
427,2026-01-01T00:00:00,10.5,1.5
427,2026-01-31T00:00:00,10.5,1.5
428,2026-01-01T00:00:00,10.5,1.5
428,2026-01-31T00:00:00,10.5,1.5
429,2026-01-01T00:00:00,10.5,1.5
429,2026-01-31T00:00:00,10.5,1.5
430,2026-01-01T00:00:00,10.5,1.5
430,2026-01-31T00:00:00,10.5,1.5
431,2026-01-01T00:00:00,10.5,1.5
431,2026-01-31T00:00:00,10.5,1.5
432,2026-01-01T00:00:00,10.5,1.5
432,2026-01-31T00:00:00,10.5,1.5
433,2026-01-01T00:00:00,10.5,1.5
433,2026-01-31T00:00:00,10.5,1.5
434,2026-01-01T00:00:00,10.5,1.5
434,2026-01-31T00:00:00,10.5,1.5
435,2026-01-01T00:00:00,10.5,1.5
435,2026-01-31T00:00:00,10.5,1.5
436,2026-01-01T00:00:00,10.5,1.5
436,2026-01-31T00:00:00,10.5,1.5
437,2026-01-01T00:00:00,10.5,1.5
437,2026-01-31T00:00:00,10.5,1.5
438,2026-01-01T00:00:00,10.5,1.5
438,2026-01-31T00:00:00,9.5,1.5
439,2026-01-01T00:00:00,10.5,1.5
439,2026-01-31T00:00:00,9.5,1.5
440,2026-01-01T00:00:00,0.5,2.5
440,2026-01-31T00:00:00,0.5,2.5
441,2026-01-01T00:00:00,0.5,2.5
441,2026-01-31T00:00:00,0.5,2.5
442,2026-01-01T00:00:00,0.5,2.5
442,2026-01-31T00:00:00,0.5,2.5
443,2026-01-01T00:00:00,0.5,2.5
443,2026-01-31T00:00:00,0.5,2.5
444,2026-01-01T00:00:00,0.5,2.5
444,2026-01-31T00:00:00,0.5,2.5
445,2026-01-01T00:00:00,0.5,2.5
445,2026-01-31T00:00:00,0.5,2.5
446,2026-01-01T00:00:00,0.5,2.5
446,2026-01-31T00:00:00,0.5,2.5
447,2026-01-01T00:00:00,0.5,2.5
447,2026-01-31T00:00:00,0.5,2.5
448,2026-01-01T00:00:00,0.5,2.5
448,2026-01-31T00:00:00,0.5,2.5
449,2026-01-01T00:00:00,0.5,2.5
449,2026-01-31T00:00:00,0.5,2.5
450,2026-01-01T00:00:00,0.5,2.5
450,2026-01-31T00:00:00,0.5,2.5
451,2026-01-01T00:00:00,0.5,2.5
451,2026-01-31T00:00:00,0.5,2.5
452,2026-01-01T00:00:00,0.5,2.5
452,2026-01-31T00:00:00,0.5,2.5
453,2026-01-01T00:00:00,0.5,2.5
453,2026-01-31T00:00:00,0.5,2.5
454,2026-01-01T00:00:00,0.5,2.5
454,2026-01-31T00:00:00,0.5,2.5
455,2026-01-01T00:00:00,0.5,2.5
455,2026-01-31T00:00:00,0.5,2.5
456,2026-01-01T00:00:00,0.5,2.5
456,2026-01-31T00:00:00,1.5,2.5
457,2026-01-01T00:00:00,0.5,2.5
457,2026-01-31T00:00:00,1.5,2.5
458,2026-01-01T00:00:00,0.5,2.5
458,2026-01-31T00:00:00,1.5,2.5
459,2026-01-01T00:00:00,0.5,2.5
459,2026-01-31T00:00:00,1.5,2.5
460,2026-01-01T00:00:00,1.5,2.5
460,2026-01-31T00:00:00,1.5,2.5
461,2026-01-01T00:00:00,1.5,2.5
461,2026-01-31T00:00:00,1.5,2.5
462,2026-01-01T00:00:00,1.5,2.5
462,2026-01-31T00:00:00,1.5,2.5
463,2026-01-01T00:00:00,1.5,2.5
463,2026-01-31T00:00:00,1.5,2.5
464,2026-01-01T00:00:00,1.5,2.5
464,2026-01-31T00:00:00,1.5,2.5
465,2026-01-01T00:00:00,1.5,2.5
465,2026-01-31T00:00:00,1.5,2.5
466,2026-01-01T00:00:00,1.5,2.5
466,2026-01-31T00:00:00,1.5,2.5
467,2026-01-01T00:00:00,1.5,2.5
467,2026-01-31T00:00:00,1.5,2.5
468,2026-01-01T00:00:00,1.5,2.5
468,2026-01-31T00:00:00,1.5,2.5
469,2026-01-01T00:00:00,1.5,2.5
469,2026-01-31T00:00:00,1.5,2.5
470,2026-01-01T00:00:00,1.5,2.5
470,2026-01-31T00:00:00,1.5,2.5
471,2026-01-01T00:00:00,1.5,2.5
471,2026-01-31T00:00:00,1.5,2.5
472,2026-01-01T00:00:00,1.5,2.5
472,2026-01-31T00:00:00,1.5,2.5
473,2026-01-01T00:00:00,1.5,2.5
473,2026-01-31T00:00:00,1.5,2.5
474,2026-01-01T00:00:00,1.5,2.5
474,2026-01-31T00:00:00,1.5,2.5
475,2026-01-01T00:00:00,1.5,2.5
475,2026-01-31T00:00:00,1.5,2.5
476,2026-01-01T00:00:00,1.5,2.5
476,2026-01-31T00:00:00,2.5,2.5
477,2026-01-01T00:00:00,1.5,2.5
477,2026-01-31T00:00:00,2.5,2.5
478,2026-01-01T00:00:00,1.5,2.5
478,2026-01-31T00:00:00,2.5,2.5
479,2026-01-01T00:00:00,1.5,2.5
479,2026-01-31T00:00:00,2.5,2.5
480,2026-01-01T00:00:00,2.5,2.5
480,2026-01-31T00:00:00,2.5,2.5
481,2026-01-01T00:00:00,2.5,2.5
481,2026-01-31T00:00:00,2.5,2.5
482,2026-01-01T00:00:00,2.5,2.5
482,2026-01-31T00:00:00,2.5,2.5
483,2026-01-01T00:00:00,2.5,2.5
483,2026-01-31T00:00:00,2.5,2.5
484,2026-01-01T00:00:00,2.5,2.5
484,2026-01-31T00:00:00,2.5,2.5
485,2026-01-01T00:00:00,2.5,2.5
485,2026-01-31T00:00:00,2.5,2.5
486,2026-01-01T00:00:00,2.5,2.5
486,2026-01-31T00:00:00,2.5,2.5
487,2026-01-01T00:00:00,2.5,2.5
487,2026-01-31T00:00:00,2.5,2.5
488,2026-01-01T00:00:00,2.5,2.5
488,2026-01-31T00:00:00,2.5,2.5
489,2026-01-01T00:00:00,2.5,2.5
489,2026-01-31T00:00:00,2.5,2.5
490,2026-01-01T00:00:00,2.5,2.5
490,2026-01-31T00:00:00,2.5,2.5
491,2026-01-01T00:00:00,2.5,2.5
491,2026-01-31T00:00:00,2.5,2.5
492,2026-01-01T00:00:00,2.5,2.5
492,2026-01-31T00:00:00,2.5,2.5
493,2026-01-01T00:00:00,2.5,2.5
493,2026-01-31T00:00:00,2.5,2.5
494,2026-01-01T00:00:00,2.5,2.5
494,2026-01-31T00:00:00,2.5,2.5
495,2026-01-01T00:00:00,2.5,2.5
495,2026-01-31T00:00:00,2.5,2.5
496,2026-01-01T00:00:00,2.5,2.5
496,2026-01-31T00:00:00,3.5,2.5
497,2026-01-01T00:00:00,2.5,2.5
497,2026-01-31T00:00:00,3.5,2.5
498,2026-01-01T00:00:00,2.5,2.5
498,2026-01-31T00:00:00,3.5,2.5
499,2026-01-01T00:00:00,2.5,2.5
499,2026-01-31T00:00:00,3.5,2.5
500,2026-01-01T00:00:00,3.5,2.5
500,2026-01-31T00:00:00,3.5,2.5
501,2026-01-01T00:00:00,3.5,2.5
501,2026-01-31T00:00:00,3.5,2.5
502,2026-01-01T00:00:00,3.5,2.5
502,2026-01-31T00:00:00,3.5,2.5
503,2026-01-01T00:00:00,3.5,2.5
503,2026-01-31T00:00:00,3.5,2.5
504,2026-01-01T00:00:00,3.5,2.5
504,2026-01-31T00:00:00,3.5,2.5
505,2026-01-01T00:00:00,3.5,2.5
505,2026-01-31T00:00:00,3.5,2.5
506,2026-01-01T00:00:00,3.5,2.5
506,2026-01-31T00:00:00,3.5,2.5
507,2026-01-01T00:00:00,3.5,2.5
507,2026-01-31T00:00:00,3.5,2.5
508,2026-01-01T00:00:00,3.5,2.5
508,2026-01-31T00:00:00,3.5,2.5
509,2026-01-01T00:00:00,3.5,2.5
509,2026-01-31T00:00:00,3.5,2.5
510,2026-01-01T00:00:00,3.5,2.5
510,2026-01-31T00:00:00,3.5,2.5
511,2026-01-01T00:00:00,3.5,2.5
511,2026-01-31T00:00:00,3.5,2.5
512,2026-01-01T00:00:00,3.5,2.5
512,2026-01-31T00:00:00,3.5,2.5
513,2026-01-01T00:00:00,3.5,2.5
513,2026-01-31T00:00:00,3.5,2.5
514,2026-01-01T00:00:00,3.5,2.5
514,2026-01-31T00:00:00,3.5,2.5
515,2026-01-01T00:00:00,3.5,2.5
515,2026-01-31T00:00:00,3.5,2.5
516,2026-01-01T00:00:00,3.5,2.5
516,2026-01-31T00:00:00,4.5,2.5
517,2026-01-01T00:00:00,3.5,2.5
517,2026-01-31T00:00:00,4.5,2.5
518,2026-01-01T00:00:00,3.5,2.5
518,2026-01-31T00:00:00,4.5,2.5
519,2026-01-01T00:00:00,3.5,2.5
519,2026-01-31T00:00:00,4.5,2.5
520,2026-01-01T00:00:00,4.5,2.5
520,2026-01-31T00:00:00,4.5,2.5
521,2026-01-01T00:00:00,4.5,2.5
521,2026-01-31T00:00:00,4.5,2.5
522,2026-01-01T00:00:00,4.5,2.5
522,2026-01-31T00:00:00,4.5,2.5
523,2026-01-01T00:00:00,4.5,2.5
523,2026-01-31T00:00:00,4.5,2.5
524,2026-01-01T00:00:00,4.5,2.5
524,2026-01-31T00:00:00,4.5,2.5
525,2026-01-01T00:00:00,4.5,2.5
525,2026-01-31T00:00:00,4.5,2.5
526,2026-01-01T00:00:00,4.5,2.5
526,2026-01-31T00:00:00,4.5,2.5
527,2026-01-01T00:00:00,4.5,2.5
527,2026-01-31T00:00:00,4.5,2.5
528,2026-01-01T00:00:00,4.5,2.5
528,2026-01-31T00:00:00,4.5,2.5
529,2026-01-01T00:00:00,4.5,2.5
529,2026-01-31T00:00:00,4.5,2.5
530,2026-01-01T00:00:00,4.5,2.5
530,2026-01-31T00:00:00,4.5,2.5
531,2026-01-01T00:00:00,4.5,2.5
531,2026-01-31T00:00:00,4.5,2.5
532,2026-01-01T00:00:00,4.5,2.5
532,2026-01-31T00:00:00,4.5,2.5
533,2026-01-01T00:00:00,4.5,2.5
533,2026-01-31T00:00:00,4.5,2.5
534,2026-01-01T00:00:00,4.5,2.5
534,2026-01-31T00:00:00,4.5,2.5
535,2026-01-01T00:00:00,4.5,2.5
535,2026-01-31T00:00:00,4.5,2.5
536,2026-01-01T00:00:00,4.5,2.5
536,2026-01-31T00:00:00,5.5,2.5
537,2026-01-01T00:00:00,4.5,2.5
537,2026-01-31T00:00:00,5.5,2.5
538,2026-01-01T00:00:00,4.5,2.5
538,2026-01-31T00:00:00,5.5,2.5
539,2026-01-01T00:00:00,4.5,2.5
539,2026-01-31T00:00:00,5.5,2.5
540,2026-01-01T00:00:00,5.5,2.5
540,2026-01-31T00:00:00,5.5,2.5
541,2026-01-01T00:00:00,5.5,2.5
541,2026-01-31T00:00:00,5.5,2.5
542,2026-01-01T00:00:00,5.5,2.5
542,2026-01-31T00:00:00,5.5,2.5
543,2026-01-01T00:00:00,5.5,2.5
543,2026-01-31T00:00:00,5.5,2.5
544,2026-01-01T00:00:00,5.5,2.5
544,2026-01-31T00:00:00,5.5,2.5
545,2026-01-01T00:00:00,5.5,2.5
545,2026-01-31T00:00:00,5.5,2.5
546,2026-01-01T00:00:00,5.5,2.5
546,2026-01-31T00:00:00,5.5,2.5
547,2026-01-01T00:00:00,5.5,2.5
547,2026-01-31T00:00:00,5.5,2.5
548,2026-01-01T00:00:00,5.5,2.5
548,2026-01-31T00:00:00,5.5,2.5
549,2026-01-01T00:00:00,5.5,2.5
549,2026-01-31T00:00:00,5.5,2.5
550,2026-01-01T00:00:00,5.5,2.5
550,2026-01-31T00:00:00,5.5,2.5
551,2026-01-01T00:00:00,5.5,2.5
551,2026-01-31T00:00:00,5.5,2.5
552,2026-01-01T00:00:00,5.5,2.5
552,2026-01-31T00:00:00,5.5,2.5
553,2026-01-01T00:00:00,5.5,2.5
553,2026-01-31T00:00:00,5.5,2.5
554,2026-01-01T00:00:00,5.5,2.5
554,2026-01-31T00:00:00,5.5,2.5
555,2026-01-01T00:00:00,5.5,2.5
555,2026-01-31T00:00:00,5.5,2.5
556,2026-01-01T00:00:00,5.5,2.5
556,2026-01-31T00:00:00,6.5,2.5
557,2026-01-01T00:00:00,5.5,2.5
557,2026-01-31T00:00:00,6.5,2.5
558,2026-01-01T00:00:00,5.5,2.5
558,2026-01-31T00:00:00,6.5,2.5
559,2026-01-01T00:00:00,5.5,2.5
559,2026-01-31T00:00:00,6.5,2.5
560,2026-01-01T00:00:00,6.5,2.5
560,2026-01-31T00:00:00,6.5,2.5
561,2026-01-01T00:00:00,6.5,2.5
561,2026-01-31T00:00:00,6.5,2.5
562,2026-01-01T00:00:00,6.5,2.5
562,2026-01-31T00:00:00,6.5,2.5
563,2026-01-01T00:00:00,6.5,2.5
563,2026-01-31T00:00:00,6.5,2.5
564,2026-01-01T00:00:00,6.5,2.5
564,2026-01-31T00:00:00,6.5,2.5
565,2026-01-01T00:00:00,6.5,2.5
565,2026-01-31T00:00:00,6.5,2.5
566,2026-01-01T00:00:00,6.5,2.5
566,2026-01-31T00:00:00,6.5,2.5
567,2026-01-01T00:00:00,6.5,2.5
567,2026-01-31T00:00:00,6.5,2.5
568,2026-01-01T00:00:00,6.5,2.5
568,2026-01-31T00:00:00,6.5,2.5
569,2026-01-01T00:00:00,6.5,2.5
569,2026-01-31T00:00:00,6.5,2.5
570,2026-01-01T00:00:00,6.5,2.5
570,2026-01-31T00:00:00,6.5,2.5
571,2026-01-01T00:00:00,6.5,2.5
571,2026-01-31T00:00:00,6.5,2.5
572,2026-01-01T00:00:00,6.5,2.5
572,2026-01-31T00:00:00,6.5,2.5
573,2026-01-01T00:00:00,6.5,2.5
573,2026-01-31T00:00:00,6.5,2.5
574,2026-01-01T00:00:00,6.5,2.5
574,2026-01-31T00:00:00,6.5,2.5
575,2026-01-01T00:00:00,6.5,2.5
575,2026-01-31T00:00:00,6.5,2.5
576,2026-01-01T00:00:00,6.5,2.5
576,2026-01-31T00:00:00,7.5,2.5
577,2026-01-01T00:00:00,6.5,2.5
577,2026-01-31T00:00:00,7.5,2.5
578,2026-01-01T00:00:00,6.5,2.5
578,2026-01-31T00:00:00,7.5,2.5
579,2026-01-01T00:00:00,6.5,2.5
579,2026-01-31T00:00:00,7.5,2.5
580,2026-01-01T00:00:00,7.5,2.5
580,2026-01-31T00:00:00,7.5,2.5
581,2026-01-01T00:00:00,7.5,2.5
581,2026-01-31T00:00:00,7.5,2.5
582,2026-01-01T00:00:00,7.5,2.5
582,2026-01-31T00:00:00,7.5,2.5
583,2026-01-01T00:00:00,7.5,2.5
583,2026-01-31T00:00:00,7.5,2.5
584,2026-01-01T00:00:00,7.5,2.5
584,2026-01-31T00:00:00,7.5,2.5
585,2026-01-01T00:00:00,7.5,2.5
585,2026-01-31T00:00:00,7.5,2.5
586,2026-01-01T00:00:00,7.5,2.5
586,2026-01-31T00:00:00,7.5,2.5
587,2026-01-01T00:00:00,7.5,2.5
587,2026-01-31T00:00:00,7.5,2.5
588,2026-01-01T00:00:00,7.5,2.5
588,2026-01-31T00:00:00,7.5,2.5
589,2026-01-01T00:00:00,7.5,2.5
589,2026-01-31T00:00:00,7.5,2.5
590,2026-01-01T00:00:00,7.5,2.5
590,2026-01-31T00:00:00,7.5,2.5
591,2026-01-01T00:00:00,7.5,2.5
591,2026-01-31T00:00:00,7.5,2.5
592,2026-01-01T00:00:00,7.5,2.5
592,2026-01-31T00:00:00,7.5,2.5
593,2026-01-01T00:00:00,7.5,2.5
593,2026-01-31T00:00:00,7.5,2.5
594,2026-01-01T00:00:00,7.5,2.5
594,2026-01-31T00:00:00,7.5,2.5
595,2026-01-01T00:00:00,7.5,2.5
595,2026-01-31T00:00:00,7.5,2.5
596,2026-01-01T00:00:00,7.5,2.5
596,2026-01-31T00:00:00,8.5,2.5
597,2026-01-01T00:00:00,7.5,2.5
597,2026-01-31T00:00:00,8.5,2.5
598,2026-01-01T00:00:00,7.5,2.5
598,2026-01-31T00:00:00,8.5,2.5
599,2026-01-01T00:00:00,7.5,2.5
599,2026-01-31T00:00:00,8.5,2.5
600,2026-01-01T00:00:00,8.5,2.5
600,2026-01-31T00:00:00,8.5,2.5
601,2026-01-01T00:00:00,8.5,2.5
601,2026-01-31T00:00:00,8.5,2.5
602,2026-01-01T00:00:00,8.5,2.5
602,2026-01-31T00:00:00,8.5,2.5
603,2026-01-01T00:00:00,8.5,2.5
603,2026-01-31T00:00:00,8.5,2.5
604,2026-01-01T00:00:00,8.5,2.5
604,2026-01-31T00:00:00,8.5,2.5
605,2026-01-01T00:00:00,8.5,2.5
605,2026-01-31T00:00:00,8.5,2.5
606,2026-01-01T00:00:00,8.5,2.5
606,2026-01-31T00:00:00,8.5,2.5
607,2026-01-01T00:00:00,8.5,2.5
607,2026-01-31T00:00:00,8.5,2.5
608,2026-01-01T00:00:00,8.5,2.5
608,2026-01-31T00:00:00,8.5,2.5
609,2026-01-01T00:00:00,8.5,2.5
609,2026-01-31T00:00:00,8.5,2.5
610,2026-01-01T00:00:00,8.5,2.5
610,2026-01-31T00:00:00,8.5,2.5
611,2026-01-01T00:00:00,8.5,2.5
611,2026-01-31T00:00:00,8.5,2.5
612,2026-01-01T00:00:00,8.5,2.5
612,2026-01-31T00:00:00,8.5,2.5
613,2026-01-01T00:00:00,8.5,2.5
613,2026-01-31T00:00:00,8.5,2.5
614,2026-01-01T00:00:00,8.5,2.5
614,2026-01-31T00:00:00,8.5,2.5
615,2026-01-01T00:00:00,8.5,2.5
615,2026-01-31T00:00:00,8.5,2.5
616,2026-01-01T00:00:00,8.5,2.5
616,2026-01-31T00:00:00,9.5,2.5
617,2026-01-01T00:00:00,8.5,2.5
617,2026-01-31T00:00:00,9.5,2.5
618,2026-01-01T00:00:00,8.5,2.5
618,2026-01-31T00:00:00,9.5,2.5
619,2026-01-01T00:00:00,8.5,2.5
619,2026-01-31T00:00:00,9.5,2.5
620,2026-01-01T00:00:00,9.5,2.5
620,2026-01-31T00:00:00,9.5,2.5
621,2026-01-01T00:00:00,9.5,2.5
621,2026-01-31T00:00:00,9.5,2.5
622,2026-01-01T00:00:00,9.5,2.5
622,2026-01-31T00:00:00,9.5,2.5
623,2026-01-01T00:00:00,9.5,2.5
623,2026-01-31T00:00:00,9.5,2.5
624,2026-01-01T00:00:00,9.5,2.5
624,2026-01-31T00:00:00,9.5,2.5
625,2026-01-01T00:00:00,9.5,2.5
625,2026-01-31T00:00:00,9.5,2.5
626,2026-01-01T00:00:00,9.5,2.5
626,2026-01-31T00:00:00,9.5,2.5
627,2026-01-01T00:00:00,9.5,2.5
627,2026-01-31T00:00:00,9.5,2.5
628,2026-01-01T00:00:00,9.5,2.5
628,2026-01-31T00:00:00,9.5,2.5
629,2026-01-01T00:00:00,9.5,2.5
629,2026-01-31T00:00:00,9.5,2.5
630,2026-01-01T00:00:00,9.5,2.5
630,2026-01-31T00:00:00,9.5,2.5
631,2026-01-01T00:00:00,9.5,2.5
631,2026-01-31T00:00:00,9.5,2.5
632,2026-01-01T00:00:00,9.5,2.5
632,2026-01-31T00:00:00,9.5,2.5
633,2026-01-01T00:00:00,9.5,2.5
633,2026-01-31T00:00:00,9.5,2.5
634,2026-01-01T00:00:00,9.5,2.5
634,2026-01-31T00:00:00,9.5,2.5
635,2026-01-01T00:00:00,9.5,2.5
635,2026-01-31T00:00:00,9.5,2.5
636,2026-01-01T00:00:00,9.5,2.5
636,2026-01-31T00:00:00,10.5,2.5
637,2026-01-01T00:00:00,9.5,2.5
637,2026-01-31T00:00:00,10.5,2.5
638,2026-01-01T00:00:00,9.5,2.5
638,2026-01-31T00:00:00,10.5,2.5
639,2026-01-01T00:00:00,9.5,2.5
639,2026-01-31T00:00:00,10.5,2.5
640,2026-01-01T00:00:00,10.5,2.5
640,2026-01-31T00:00:00,10.5,2.5
641,2026-01-01T00:00:00,10.5,2.5
641,2026-01-31T00:00:00,10.5,2.5
642,2026-01-01T00:00:00,10.5,2.5
642,2026-01-31T00:00:00,10.5,2.5
643,2026-01-01T00:00:00,10.5,2.5
643,2026-01-31T00:00:00,10.5,2.5
644,2026-01-01T00:00:00,10.5,2.5
644,2026-01-31T00:00:00,10.5,2.5
645,2026-01-01T00:00:00,10.5,2.5
645,2026-01-31T00:00:00,10.5,2.5
646,2026-01-01T00:00:00,10.5,2.5
646,2026-01-31T00:00:00,10.5,2.5
647,2026-01-01T00:00:00,10.5,2.5
647,2026-01-31T00:00:00,10.5,2.5
648,2026-01-01T00:00:00,10.5,2.5
648,2026-01-31T00:00:00,10.5,2.5
649,2026-01-01T00:00:00,10.5,2.5
649,2026-01-31T00:00:00,10.5,2.5
650,2026-01-01T00:00:00,10.5,2.5
650,2026-01-31T00:00:00,10.5,2.5
651,2026-01-01T00:00:00,10.5,2.5
651,2026-01-31T00:00:00,10.5,2.5
652,2026-01-01T00:00:00,10.5,2.5
652,2026-01-31T00:00:00,10.5,2.5
653,2026-01-01T00:00:00,10.5,2.5
653,2026-01-31T00:00:00,10.5,2.5
654,2026-01-01T00:00:00,10.5,2.5
654,2026-01-31T00:00:00,10.5,2.5
655,2026-01-01T00:00:00,10.5,2.5
655,2026-01-31T00:00:00,10.5,2.5
656,2026-01-01T00:00:00,10.5,2.5
656,2026-01-31T00:00:00,9.5,2.5
657,2026-01-01T00:00:00,10.5,2.5
657,2026-01-31T00:00:00,9.5,2.5
658,2026-01-01T00:00:00,10.5,2.5
658,2026-01-31T00:00:00,9.5,2.5
659,2026-01-01T00:00:00,10.5,2.5
659,2026-01-31T00:00:00,9.5,2.5
660,2026-01-01T00:00:00,0.5,3.5
660,2026-01-31T00:00:00,0.5,3.5
661,2026-01-01T00:00:00,0.5,3.5
661,2026-01-31T00:00:00,0.5,3.5
662,2026-01-01T00:00:00,0.5,3.5
662,2026-01-31T00:00:00,0.5,3.5
663,2026-01-01T00:00:00,0.5,3.5
663,2026-01-31T00:00:00,0.5,3.5
664,2026-01-01T00:00:00,0.5,3.5
664,2026-01-31T00:00:00,0.5,3.5
665,2026-01-01T00:00:00,0.5,3.5
665,2026-01-31T00:00:00,0.5,3.5
666,2026-01-01T00:00:00,0.5,3.5
666,2026-01-31T00:00:00,0.5,3.5
667,2026-01-01T00:00:00,0.5,3.5
667,2026-01-31T00:00:00,0.5,3.5
668,2026-01-01T00:00:00,0.5,3.5
668,2026-01-31T00:00:00,0.5,3.5
669,2026-01-01T00:00:00,0.5,3.5
669,2026-01-31T00:00:00,0.5,3.5
670,2026-01-01T00:00:00,0.5,3.5
670,2026-01-31T00:00:00,0.5,3.5
671,2026-01-01T00:00:00,0.5,3.5
671,2026-01-31T00:00:00,0.5,3.5
672,2026-01-01T00:00:00,0.5,3.5
672,2026-01-31T00:00:00,1.5,3.5
673,2026-01-01T00:00:00,0.5,3.5
673,2026-01-31T00:00:00,1.5,3.5
674,2026-01-01T00:00:00,0.5,3.5
674,2026-01-31T00:00:00,1.5,3.5
675,2026-01-01T00:00:00,0.5,3.5
675,2026-01-31T00:00:00,1.5,3.5
676,2026-01-01T00:00:00,0.5,3.5
676,2026-01-31T00:00:00,1.5,3.5
677,2026-01-01T00:00:00,0.5,3.5
677,2026-01-31T00:00:00,1.5,3.5
678,2026-01-01T00:00:00,0.5,3.5
678,2026-01-31T00:00:00,1.5,3.5
679,2026-01-01T00:00:00,0.5,3.5
679,2026-01-31T00:00:00,1.5,3.5
680,2026-01-01T00:00:00,1.5,3.5
680,2026-01-31T00:00:00,1.5,3.5
681,2026-01-01T00:00:00,1.5,3.5
681,2026-01-31T00:00:00,1.5,3.5
682,2026-01-01T00:00:00,1.5,3.5
682,2026-01-31T00:00:00,1.5,3.5
683,2026-01-01T00:00:00,1.5,3.5
683,2026-01-31T00:00:00,1.5,3.5
684,2026-01-01T00:00:00,1.5,3.5
684,2026-01-31T00:00:00,1.5,3.5
685,2026-01-01T00:00:00,1.5,3.5
685,2026-01-31T00:00:00,1.5,3.5
686,2026-01-01T00:00:00,1.5,3.5
686,2026-01-31T00:00:00,1.5,3.5
687,2026-01-01T00:00:00,1.5,3.5
687,2026-01-31T00:00:00,1.5,3.5
688,2026-01-01T00:00:00,1.5,3.5
688,2026-01-31T00:00:00,1.5,3.5
689,2026-01-01T00:00:00,1.5,3.5
689,2026-01-31T00:00:00,1.5,3.5
690,2026-01-01T00:00:00,1.5,3.5
690,2026-01-31T00:00:00,1.5,3.5
691,2026-01-01T00:00:00,1.5,3.5
691,2026-01-31T00:00:00,1.5,3.5
692,2026-01-01T00:00:00,1.5,3.5
692,2026-01-31T00:00:00,2.5,3.5
693,2026-01-01T00:00:00,1.5,3.5
693,2026-01-31T00:00:00,2.5,3.5
694,2026-01-01T00:00:00,1.5,3.5
694,2026-01-31T00:00:00,2.5,3.5
695,2026-01-01T00:00:00,1.5,3.5
695,2026-01-31T00:00:00,2.5,3.5
696,2026-01-01T00:00:00,1.5,3.5
696,2026-01-31T00:00:00,2.5,3.5
697,2026-01-01T00:00:00,1.5,3.5
697,2026-01-31T00:00:00,2.5,3.5
698,2026-01-01T00:00:00,1.5,3.5
698,2026-01-31T00:00:00,2.5,3.5
699,2026-01-01T00:00:00,1.5,3.5
699,2026-01-31T00:00:00,2.5,3.5
700,2026-01-01T00:00:00,2.5,3.5
700,2026-01-31T00:00:00,2.5,3.5
701,2026-01-01T00:00:00,2.5,3.5
701,2026-01-31T00:00:00,2.5,3.5
702,2026-01-01T00:00:00,2.5,3.5
702,2026-01-31T00:00:00,2.5,3.5
703,2026-01-01T00:00:00,2.5,3.5
703,2026-01-31T00:00:00,2.5,3.5
704,2026-01-01T00:00:00,2.5,3.5
704,2026-01-31T00:00:00,2.5,3.5
705,2026-01-01T00:00:00,2.5,3.5
705,2026-01-31T00:00:00,2.5,3.5
706,2026-01-01T00:00:00,2.5,3.5
706,2026-01-31T00:00:00,2.5,3.5
707,2026-01-01T00:00:00,2.5,3.5
707,2026-01-31T00:00:00,2.5,3.5
708,2026-01-01T00:00:00,2.5,3.5
708,2026-01-31T00:00:00,2.5,3.5
709,2026-01-01T00:00:00,2.5,3.5
709,2026-01-31T00:00:00,2.5,3.5
710,2026-01-01T00:00:00,2.5,3.5
710,2026-01-31T00:00:00,2.5,3.5
711,2026-01-01T00:00:00,2.5,3.5
711,2026-01-31T00:00:00,2.5,3.5
712,2026-01-01T00:00:00,2.5,3.5
712,2026-01-31T00:00:00,3.5,3.5
713,2026-01-01T00:00:00,2.5,3.5
713,2026-01-31T00:00:00,3.5,3.5
714,2026-01-01T00:00:00,2.5,3.5
714,2026-01-31T00:00:00,3.5,3.5
715,2026-01-01T00:00:00,2.5,3.5
715,2026-01-31T00:00:00,3.5,3.5
716,2026-01-01T00:00:00,2.5,3.5
716,2026-01-31T00:00:00,3.5,3.5
717,2026-01-01T00:00:00,2.5,3.5
717,2026-01-31T00:00:00,3.5,3.5
718,2026-01-01T00:00:00,2.5,3.5
718,2026-01-31T00:00:00,3.5,3.5
719,2026-01-01T00:00:00,2.5,3.5
719,2026-01-31T00:00:00,3.5,3.5
720,2026-01-01T00:00:00,3.5,3.5
720,2026-01-31T00:00:00,3.5,3.5
721,2026-01-01T00:00:00,3.5,3.5
721,2026-01-31T00:00:00,3.5,3.5
722,2026-01-01T00:00:00,3.5,3.5
722,2026-01-31T00:00:00,3.5,3.5
723,2026-01-01T00:00:00,3.5,3.5
723,2026-01-31T00:00:00,3.5,3.5
724,2026-01-01T00:00:00,3.5,3.5
724,2026-01-31T00:00:00,3.5,3.5
725,2026-01-01T00:00:00,3.5,3.5
725,2026-01-31T00:00:00,3.5,3.5
726,2026-01-01T00:00:00,3.5,3.5
726,2026-01-31T00:00:00,3.5,3.5
727,2026-01-01T00:00:00,3.5,3.5
727,2026-01-31T00:00:00,3.5,3.5
728,2026-01-01T00:00:00,3.5,3.5
728,2026-01-31T00:00:00,3.5,3.5
729,2026-01-01T00:00:00,3.5,3.5
729,2026-01-31T00:00:00,3.5,3.5
730,2026-01-01T00:00:00,3.5,3.5
730,2026-01-31T00:00:00,3.5,3.5
731,2026-01-01T00:00:00,3.5,3.5
731,2026-01-31T00:00:00,3.5,3.5
732,2026-01-01T00:00:00,3.5,3.5
732,2026-01-31T00:00:00,4.5,3.5
733,2026-01-01T00:00:00,3.5,3.5
733,2026-01-31T00:00:00,4.5,3.5
734,2026-01-01T00:00:00,3.5,3.5
734,2026-01-31T00:00:00,4.5,3.5
735,2026-01-01T00:00:00,3.5,3.5
735,2026-01-31T00:00:00,4.5,3.5
736,2026-01-01T00:00:00,3.5,3.5
736,2026-01-31T00:00:00,4.5,3.5
737,2026-01-01T00:00:00,3.5,3.5
737,2026-01-31T00:00:00,4.5,3.5
738,2026-01-01T00:00:00,3.5,3.5
738,2026-01-31T00:00:00,4.5,3.5
739,2026-01-01T00:00:00,3.5,3.5
739,2026-01-31T00:00:00,4.5,3.5
740,2026-01-01T00:00:00,4.5,3.5
740,2026-01-31T00:00:00,4.5,3.5
741,2026-01-01T00:00:00,4.5,3.5
741,2026-01-31T00:00:00,4.5,3.5
742,2026-01-01T00:00:00,4.5,3.5
742,2026-01-31T00:00:00,4.5,3.5
743,2026-01-01T00:00:00,4.5,3.5
743,2026-01-31T00:00:00,4.5,3.5
744,2026-01-01T00:00:00,4.5,3.5
744,2026-01-31T00:00:00,4.5,3.5
745,2026-01-01T00:00:00,4.5,3.5
745,2026-01-31T00:00:00,4.5,3.5
746,2026-01-01T00:00:00,4.5,3.5
746,2026-01-31T00:00:00,4.5,3.5
747,2026-01-01T00:00:00,4.5,3.5
747,2026-01-31T00:00:00,4.5,3.5
748,2026-01-01T00:00:00,4.5,3.5
748,2026-01-31T00:00:00,4.5,3.5
749,2026-01-01T00:00:00,4.5,3.5
749,2026-01-31T00:00:00,4.5,3.5
750,2026-01-01T00:00:00,4.5,3.5
750,2026-01-31T00:00:00,4.5,3.5
751,2026-01-01T00:00:00,4.5,3.5
751,2026-01-31T00:00:00,4.5,3.5
752,2026-01-01T00:00:00,4.5,3.5
752,2026-01-31T00:00:00,5.5,3.5
753,2026-01-01T00:00:00,4.5,3.5
753,2026-01-31T00:00:00,5.5,3.5
754,2026-01-01T00:00:00,4.5,3.5
754,2026-01-31T00:00:00,5.5,3.5
755,2026-01-01T00:00:00,4.5,3.5
755,2026-01-31T00:00:00,5.5,3.5
756,2026-01-01T00:00:00,4.5,3.5
756,2026-01-31T00:00:00,5.5,3.5
757,2026-01-01T00:00:00,4.5,3.5
757,2026-01-31T00:00:00,5.5,3.5
758,2026-01-01T00:00:00,4.5,3.5
758,2026-01-31T00:00:00,5.5,3.5
759,2026-01-01T00:00:00,4.5,3.5
759,2026-01-31T00:00:00,5.5,3.5
760,2026-01-01T00:00:00,5.5,3.5
760,2026-01-31T00:00:00,5.5,3.5
761,2026-01-01T00:00:00,5.5,3.5
761,2026-01-31T00:00:00,5.5,3.5
762,2026-01-01T00:00:00,5.5,3.5
762,2026-01-31T00:00:00,5.5,3.5
763,2026-01-01T00:00:00,5.5,3.5
763,2026-01-31T00:00:00,5.5,3.5
764,2026-01-01T00:00:00,5.5,3.5
764,2026-01-31T00:00:00,5.5,3.5
765,2026-01-01T00:00:00,5.5,3.5
765,2026-01-31T00:00:00,5.5,3.5
766,2026-01-01T00:00:00,5.5,3.5
766,2026-01-31T00:00:00,5.5,3.5
767,2026-01-01T00:00:00,5.5,3.5
767,2026-01-31T00:00:00,5.5,3.5
768,2026-01-01T00:00:00,5.5,3.5
768,2026-01-31T00:00:00,5.5,3.5
769,2026-01-01T00:00:00,5.5,3.5
769,2026-01-31T00:00:00,5.5,3.5
770,2026-01-01T00:00:00,5.5,3.5
770,2026-01-31T00:00:00,5.5,3.5
771,2026-01-01T00:00:00,5.5,3.5
771,2026-01-31T00:00:00,5.5,3.5
772,2026-01-01T00:00:00,5.5,3.5
772,2026-01-31T00:00:00,6.5,3.5
773,2026-01-01T00:00:00,5.5,3.5
773,2026-01-31T00:00:00,6.5,3.5
774,2026-01-01T00:00:00,5.5,3.5
774,2026-01-31T00:00:00,6.5,3.5
775,2026-01-01T00:00:00,5.5,3.5
775,2026-01-31T00:00:00,6.5,3.5
776,2026-01-01T00:00:00,5.5,3.5
776,2026-01-31T00:00:00,6.5,3.5
777,2026-01-01T00:00:00,5.5,3.5
777,2026-01-31T00:00:00,6.5,3.5
778,2026-01-01T00:00:00,5.5,3.5
778,2026-01-31T00:00:00,6.5,3.5
779,2026-01-01T00:00:00,5.5,3.5
779,2026-01-31T00:00:00,6.5,3.5
780,2026-01-01T00:00:00,6.5,3.5
780,2026-01-31T00:00:00,6.5,3.5
781,2026-01-01T00:00:00,6.5,3.5
781,2026-01-31T00:00:00,6.5,3.5
782,2026-01-01T00:00:00,6.5,3.5
782,2026-01-31T00:00:00,6.5,3.5
783,2026-01-01T00:00:00,6.5,3.5
783,2026-01-31T00:00:00,6.5,3.5
784,2026-01-01T00:00:00,6.5,3.5
784,2026-01-31T00:00:00,6.5,3.5
785,2026-01-01T00:00:00,6.5,3.5
785,2026-01-31T00:00:00,6.5,3.5
786,2026-01-01T00:00:00,6.5,3.5
786,2026-01-31T00:00:00,6.5,3.5
787,2026-01-01T00:00:00,6.5,3.5
787,2026-01-31T00:00:00,6.5,3.5
788,2026-01-01T00:00:00,6.5,3.5
788,2026-01-31T00:00:00,6.5,3.5
789,2026-01-01T00:00:00,6.5,3.5
789,2026-01-31T00:00:00,6.5,3.5
790,2026-01-01T00:00:00,6.5,3.5
790,2026-01-31T00:00:00,6.5,3.5
791,2026-01-01T00:00:00,6.5,3.5
791,2026-01-31T00:00:00,6.5,3.5
792,2026-01-01T00:00:00,6.5,3.5
792,2026-01-31T00:00:00,7.5,3.5
793,2026-01-01T00:00:00,6.5,3.5
793,2026-01-31T00:00:00,7.5,3.5
794,2026-01-01T00:00:00,6.5,3.5
794,2026-01-31T00:00:00,7.5,3.5
795,2026-01-01T00:00:00,6.5,3.5
795,2026-01-31T00:00:00,7.5,3.5
796,2026-01-01T00:00:00,6.5,3.5
796,2026-01-31T00:00:00,7.5,3.5
797,2026-01-01T00:00:00,6.5,3.5
797,2026-01-31T00:00:00,7.5,3.5
798,2026-01-01T00:00:00,6.5,3.5
798,2026-01-31T00:00:00,7.5,3.5
799,2026-01-01T00:00:00,6.5,3.5
799,2026-01-31T00:00:00,7.5,3.5
800,2026-01-01T00:00:00,7.5,3.5
800,2026-01-31T00:00:00,7.5,3.5
801,2026-01-01T00:00:00,7.5,3.5
801,2026-01-31T00:00:00,7.5,3.5
802,2026-01-01T00:00:00,7.5,3.5
802,2026-01-31T00:00:00,7.5,3.5
803,2026-01-01T00:00:00,7.5,3.5
803,2026-01-31T00:00:00,7.5,3.5
804,2026-01-01T00:00:00,7.5,3.5
804,2026-01-31T00:00:00,7.5,3.5
805,2026-01-01T00:00:00,7.5,3.5
805,2026-01-31T00:00:00,7.5,3.5
806,2026-01-01T00:00:00,7.5,3.5
806,2026-01-31T00:00:00,7.5,3.5
807,2026-01-01T00:00:00,7.5,3.5
807,2026-01-31T00:00:00,7.5,3.5
808,2026-01-01T00:00:00,7.5,3.5
808,2026-01-31T00:00:00,7.5,3.5
809,2026-01-01T00:00:00,7.5,3.5
809,2026-01-31T00:00:00,7.5,3.5
810,2026-01-01T00:00:00,7.5,3.5
810,2026-01-31T00:00:00,7.5,3.5
811,2026-01-01T00:00:00,7.5,3.5
811,2026-01-31T00:00:00,7.5,3.5
812,2026-01-01T00:00:00,7.5,3.5
812,2026-01-31T00:00:00,8.5,3.5
813,2026-01-01T00:00:00,7.5,3.5
813,2026-01-31T00:00:00,8.5,3.5
814,2026-01-01T00:00:00,7.5,3.5
814,2026-01-31T00:00:00,8.5,3.5
815,2026-01-01T00:00:00,7.5,3.5
815,2026-01-31T00:00:00,8.5,3.5
816,2026-01-01T00:00:00,7.5,3.5
816,2026-01-31T00:00:00,8.5,3.5
817,2026-01-01T00:00:00,7.5,3.5
817,2026-01-31T00:00:00,8.5,3.5
818,2026-01-01T00:00:00,7.5,3.5
818,2026-01-31T00:00:00,8.5,3.5
819,2026-01-01T00:00:00,7.5,3.5
819,2026-01-31T00:00:00,8.5,3.5
820,2026-01-01T00:00:00,8.5,3.5
820,2026-01-31T00:00:00,8.5,3.5
821,2026-01-01T00:00:00,8.5,3.5
821,2026-01-31T00:00:00,8.5,3.5
822,2026-01-01T00:00:00,8.5,3.5
822,2026-01-31T00:00:00,8.5,3.5
823,2026-01-01T00:00:00,8.5,3.5
823,2026-01-31T00:00:00,8.5,3.5
824,2026-01-01T00:00:00,8.5,3.5
824,2026-01-31T00:00:00,8.5,3.5
825,2026-01-01T00:00:00,8.5,3.5
825,2026-01-31T00:00:00,8.5,3.5
826,2026-01-01T00:00:00,8.5,3.5
826,2026-01-31T00:00:00,8.5,3.5
827,2026-01-01T00:00:00,8.5,3.5
827,2026-01-31T00:00:00,8.5,3.5
828,2026-01-01T00:00:00,8.5,3.5
828,2026-01-31T00:00:00,8.5,3.5
829,2026-01-01T00:00:00,8.5,3.5
829,2026-01-31T00:00:00,8.5,3.5
830,2026-01-01T00:00:00,8.5,3.5
830,2026-01-31T00:00:00,8.5,3.5
831,2026-01-01T00:00:00,8.5,3.5
831,2026-01-31T00:00:00,8.5,3.5
832,2026-01-01T00:00:00,8.5,3.5
832,2026-01-31T00:00:00,9.5,3.5
833,2026-01-01T00:00:00,8.5,3.5
833,2026-01-31T00:00:00,9.5,3.5
834,2026-01-01T00:00:00,8.5,3.5
834,2026-01-31T00:00:00,9.5,3.5
835,2026-01-01T00:00:00,8.5,3.5
835,2026-01-31T00:00:00,9.5,3.5
836,2026-01-01T00:00:00,8.5,3.5
836,2026-01-31T00:00:00,9.5,3.5
837,2026-01-01T00:00:00,8.5,3.5
837,2026-01-31T00:00:00,9.5,3.5
838,2026-01-01T00:00:00,8.5,3.5
838,2026-01-31T00:00:00,9.5,3.5
839,2026-01-01T00:00:00,8.5,3.5
839,2026-01-31T00:00:00,9.5,3.5
840,2026-01-01T00:00:00,9.5,3.5
840,2026-01-31T00:00:00,9.5,3.5
841,2026-01-01T00:00:00,9.5,3.5
841,2026-01-31T00:00:00,9.5,3.5
842,2026-01-01T00:00:00,9.5,3.5
842,2026-01-31T00:00:00,9.5,3.5
843,2026-01-01T00:00:00,9.5,3.5
843,2026-01-31T00:00:00,9.5,3.5
844,2026-01-01T00:00:00,9.5,3.5
844,2026-01-31T00:00:00,9.5,3.5
845,2026-01-01T00:00:00,9.5,3.5
845,2026-01-31T00:00:00,9.5,3.5
846,2026-01-01T00:00:00,9.5,3.5
846,2026-01-31T00:00:00,9.5,3.5
847,2026-01-01T00:00:00,9.5,3.5
847,2026-01-31T00:00:00,9.5,3.5
848,2026-01-01T00:00:00,9.5,3.5
848,2026-01-31T00:00:00,9.5,3.5
849,2026-01-01T00:00:00,9.5,3.5
849,2026-01-31T00:00:00,9.5,3.5
850,2026-01-01T00:00:00,9.5,3.5
850,2026-01-31T00:00:00,9.5,3.5
851,2026-01-01T00:00:00,9.5,3.5
851,2026-01-31T00:00:00,9.5,3.5
852,2026-01-01T00:00:00,9.5,3.5
852,2026-01-31T00:00:00,10.5,3.5
853,2026-01-01T00:00:00,9.5,3.5
853,2026-01-31T00:00:00,10.5,3.5
854,2026-01-01T00:00:00,9.5,3.5
854,2026-01-31T00:00:00,10.5,3.5
855,2026-01-01T00:00:00,9.5,3.5
855,2026-01-31T00:00:00,10.5,3.5
856,2026-01-01T00:00:00,9.5,3.5
856,2026-01-31T00:00:00,10.5,3.5
857,2026-01-01T00:00:00,9.5,3.5
857,2026-01-31T00:00:00,10.5,3.5
858,2026-01-01T00:00:00,9.5,3.5
858,2026-01-31T00:00:00,10.5,3.5
859,2026-01-01T00:00:00,9.5,3.5
859,2026-01-31T00:00:00,10.5,3.5
860,2026-01-01T00:00:00,10.5,3.5
860,2026-01-31T00:00:00,10.5,3.5
861,2026-01-01T00:00:00,10.5,3.5
861,2026-01-31T00:00:00,10.5,3.5
862,2026-01-01T00:00:00,10.5,3.5
862,2026-01-31T00:00:00,10.5,3.5
863,2026-01-01T00:00:00,10.5,3.5
863,2026-01-31T00:00:00,10.5,3.5
864,2026-01-01T00:00:00,10.5,3.5
864,2026-01-31T00:00:00,10.5,3.5
865,2026-01-01T00:00:00,10.5,3.5
865,2026-01-31T00:00:00,10.5,3.5
866,2026-01-01T00:00:00,10.5,3.5
866,2026-01-31T00:00:00,10.5,3.5
867,2026-01-01T00:00:00,10.5,3.5
867,2026-01-31T00:00:00,10.5,3.5
868,2026-01-01T00:00:00,10.5,3.5
868,2026-01-31T00:00:00,10.5,3.5
869,2026-01-01T00:00:00,10.5,3.5
869,2026-01-31T00:00:00,10.5,3.5
870,2026-01-01T00:00:00,10.5,3.5
870,2026-01-31T00:00:00,10.5,3.5
871,2026-01-01T00:00:00,10.5,3.5
871,2026-01-31T00:00:00,10.5,3.5
872,2026-01-01T00:00:00,10.5,3.5
872,2026-01-31T00:00:00,9.5,3.5
873,2026-01-01T00:00:00,10.5,3.5
873,2026-01-31T00:00:00,9.5,3.5
874,2026-01-01T00:00:00,10.5,3.5
874,2026-01-31T00:00:00,9.5,3.5
875,2026-01-01T00:00:00,10.5,3.5
875,2026-01-31T00:00:00,9.5,3.5
876,2026-01-01T00:00:00,10.5,3.5
876,2026-01-31T00:00:00,9.5,3.5
877,2026-01-01T00:00:00,10.5,3.5
877,2026-01-31T00:00:00,9.5,3.5
878,2026-01-01T00:00:00,10.5,3.5
878,2026-01-31T00:00:00,9.5,3.5
879,2026-01-01T00:00:00,10.5,3.5
879,2026-01-31T00:00:00,9.5,3.5
880,2026-01-01T00:00:00,0.5,4.5
880,2026-01-31T00:00:00,0.5,4.5
881,2026-01-01T00:00:00,0.5,4.5
881,2026-01-31T00:00:00,0.5,4.5
882,2026-01-01T00:00:00,0.5,4.5
882,2026-01-31T00:00:00,0.5,4.5
883,2026-01-01T00:00:00,0.5,4.5
883,2026-01-31T00:00:00,0.5,4.5
884,2026-01-01T00:00:00,0.5,4.5
884,2026-01-31T00:00:00,0.5,4.5
885,2026-01-01T00:00:00,0.5,4.5
885,2026-01-31T00:00:00,0.5,4.5
886,2026-01-01T00:00:00,0.5,4.5
886,2026-01-31T00:00:00,0.5,4.5
887,2026-01-01T00:00:00,0.5,4.5
887,2026-01-31T00:00:00,1.5,4.5
888,2026-01-01T00:00:00,0.5,4.5
888,2026-01-31T00:00:00,1.5,4.5
889,2026-01-01T00:00:00,0.5,4.5
889,2026-01-31T00:00:00,1.5,4.5
890,2026-01-01T00:00:00,0.5,4.5
890,2026-01-31T00:00:00,1.5,4.5
891,2026-01-01T00:00:00,0.5,4.5
891,2026-01-31T00:00:00,1.5,4.5
892,2026-01-01T00:00:00,0.5,4.5
892,2026-01-31T00:00:00,1.5,4.5
893,2026-01-01T00:00:00,0.5,4.5
893,2026-01-31T00:00:00,1.5,4.5
894,2026-01-01T00:00:00,0.5,4.5
894,2026-01-31T00:00:00,1.5,4.5
895,2026-01-01T00:00:00,0.5,4.5
895,2026-01-31T00:00:00,1.5,4.5
896,2026-01-01T00:00:00,0.5,4.5
896,2026-01-31T00:00:00,1.5,4.5
897,2026-01-01T00:00:00,0.5,4.5
897,2026-01-31T00:00:00,1.5,4.5
898,2026-01-01T00:00:00,0.5,4.5
898,2026-01-31T00:00:00,1.5,4.5
899,2026-01-01T00:00:00,0.5,4.5
899,2026-01-31T00:00:00,1.5,4.5
900,2026-01-01T00:00:00,1.5,4.5
900,2026-01-31T00:00:00,1.5,4.5
901,2026-01-01T00:00:00,1.5,4.5
901,2026-01-31T00:00:00,1.5,4.5
902,2026-01-01T00:00:00,1.5,4.5
902,2026-01-31T00:00:00,1.5,4.5
903,2026-01-01T00:00:00,1.5,4.5
903,2026-01-31T00:00:00,1.5,4.5
904,2026-01-01T00:00:00,1.5,4.5
904,2026-01-31T00:00:00,1.5,4.5
905,2026-01-01T00:00:00,1.5,4.5
905,2026-01-31T00:00:00,1.5,4.5
906,2026-01-01T00:00:00,1.5,4.5
906,2026-01-31T00:00:00,1.5,4.5
907,2026-01-01T00:00:00,1.5,4.5
907,2026-01-31T00:00:00,2.5,4.5
908,2026-01-01T00:00:00,1.5,4.5
908,2026-01-31T00:00:00,2.5,4.5
909,2026-01-01T00:00:00,1.5,4.5
909,2026-01-31T00:00:00,2.5,4.5
910,2026-01-01T00:00:00,1.5,4.5
910,2026-01-31T00:00:00,2.5,4.5
911,2026-01-01T00:00:00,1.5,4.5
911,2026-01-31T00:00:00,2.5,4.5
912,2026-01-01T00:00:00,1.5,4.5
912,2026-01-31T00:00:00,2.5,4.5
913,2026-01-01T00:00:00,1.5,4.5
913,2026-01-31T00:00:00,2.5,4.5
914,2026-01-01T00:00:00,1.5,4.5
914,2026-01-31T00:00:00,2.5,4.5
915,2026-01-01T00:00:00,1.5,4.5
915,2026-01-31T00:00:00,2.5,4.5
916,2026-01-01T00:00:00,1.5,4.5
916,2026-01-31T00:00:00,2.5,4.5
917,2026-01-01T00:00:00,1.5,4.5
917,2026-01-31T00:00:00,2.5,4.5
918,2026-01-01T00:00:00,1.5,4.5
918,2026-01-31T00:00:00,2.5,4.5
919,2026-01-01T00:00:00,1.5,4.5
919,2026-01-31T00:00:00,2.5,4.5
920,2026-01-01T00:00:00,2.5,4.5
920,2026-01-31T00:00:00,2.5,4.5
921,2026-01-01T00:00:00,2.5,4.5
921,2026-01-31T00:00:00,2.5,4.5
922,2026-01-01T00:00:00,2.5,4.5
922,2026-01-31T00:00:00,2.5,4.5
923,2026-01-01T00:00:00,2.5,4.5
923,2026-01-31T00:00:00,2.5,4.5
924,2026-01-01T00:00:00,2.5,4.5
924,2026-01-31T00:00:00,2.5,4.5
925,2026-01-01T00:00:00,2.5,4.5
925,2026-01-31T00:00:00,2.5,4.5
926,2026-01-01T00:00:00,2.5,4.5
926,2026-01-31T00:00:00,2.5,4.5
927,2026-01-01T00:00:00,2.5,4.5
927,2026-01-31T00:00:00,3.5,4.5
928,2026-01-01T00:00:00,2.5,4.5
928,2026-01-31T00:00:00,3.5,4.5
929,2026-01-01T00:00:00,2.5,4.5
929,2026-01-31T00:00:00,3.5,4.5
930,2026-01-01T00:00:00,2.5,4.5
930,2026-01-31T00:00:00,3.5,4.5
931,2026-01-01T00:00:00,2.5,4.5
931,2026-01-31T00:00:00,3.5,4.5
932,2026-01-01T00:00:00,2.5,4.5
932,2026-01-31T00:00:00,3.5,4.5
933,2026-01-01T00:00:00,2.5,4.5
933,2026-01-31T00:00:00,3.5,4.5
934,2026-01-01T00:00:00,2.5,4.5
934,2026-01-31T00:00:00,3.5,4.5
935,2026-01-01T00:00:00,2.5,4.5
935,2026-01-31T00:00:00,3.5,4.5
936,2026-01-01T00:00:00,2.5,4.5
936,2026-01-31T00:00:00,3.5,4.5
937,2026-01-01T00:00:00,2.5,4.5
937,2026-01-31T00:00:00,3.5,4.5
938,2026-01-01T00:00:00,2.5,4.5
938,2026-01-31T00:00:00,3.5,4.5
939,2026-01-01T00:00:00,2.5,4.5
939,2026-01-31T00:00:00,3.5,4.5
940,2026-01-01T00:00:00,3.5,4.5
940,2026-01-31T00:00:00,3.5,4.5
941,2026-01-01T00:00:00,3.5,4.5
941,2026-01-31T00:00:00,3.5,4.5
942,2026-01-01T00:00:00,3.5,4.5
942,2026-01-31T00:00:00,3.5,4.5
943,2026-01-01T00:00:00,3.5,4.5
943,2026-01-31T00:00:00,3.5,4.5
944,2026-01-01T00:00:00,3.5,4.5
944,2026-01-31T00:00:00,3.5,4.5
945,2026-01-01T00:00:00,3.5,4.5
945,2026-01-31T00:00:00,3.5,4.5
946,2026-01-01T00:00:00,3.5,4.5
946,2026-01-31T00:00:00,3.5,4.5
947,2026-01-01T00:00:00,3.5,4.5
947,2026-01-31T00:00:00,4.5,4.5
948,2026-01-01T00:00:00,3.5,4.5
948,2026-01-31T00:00:00,4.5,4.5
949,2026-01-01T00:00:00,3.5,4.5
949,2026-01-31T00:00:00,4.5,4.5
950,2026-01-01T00:00:00,3.5,4.5
950,2026-01-31T00:00:00,4.5,4.5
951,2026-01-01T00:00:00,3.5,4.5
951,2026-01-31T00:00:00,4.5,4.5
952,2026-01-01T00:00:00,3.5,4.5
952,2026-01-31T00:00:00,4.5,4.5
953,2026-01-01T00:00:00,3.5,4.5
953,2026-01-31T00:00:00,4.5,4.5
954,2026-01-01T00:00:00,3.5,4.5
954,2026-01-31T00:00:00,4.5,4.5
955,2026-01-01T00:00:00,3.5,4.5
955,2026-01-31T00:00:00,4.5,4.5
956,2026-01-01T00:00:00,3.5,4.5
956,2026-01-31T00:00:00,4.5,4.5
957,2026-01-01T00:00:00,3.5,4.5
957,2026-01-31T00:00:00,4.5,4.5
958,2026-01-01T00:00:00,3.5,4.5
958,2026-01-31T00:00:00,4.5,4.5
959,2026-01-01T00:00:00,3.5,4.5
959,2026-01-31T00:00:00,4.5,4.5
960,2026-01-01T00:00:00,4.5,4.5
960,2026-01-31T00:00:00,4.5,4.5
961,2026-01-01T00:00:00,4.5,4.5
961,2026-01-31T00:00:00,4.5,4.5
962,2026-01-01T00:00:00,4.5,4.5
962,2026-01-31T00:00:00,4.5,4.5
963,2026-01-01T00:00:00,4.5,4.5
963,2026-01-31T00:00:00,4.5,4.5
964,2026-01-01T00:00:00,4.5,4.5
964,2026-01-31T00:00:00,4.5,4.5
965,2026-01-01T00:00:00,4.5,4.5
965,2026-01-31T00:00:00,4.5,4.5
966,2026-01-01T00:00:00,4.5,4.5
966,2026-01-31T00:00:00,4.5,4.5
967,2026-01-01T00:00:00,4.5,4.5
967,2026-01-31T00:00:00,5.5,4.5
968,2026-01-01T00:00:00,4.5,4.5
968,2026-01-31T00:00:00,5.5,4.5
969,2026-01-01T00:00:00,4.5,4.5
969,2026-01-31T00:00:00,5.5,4.5
970,2026-01-01T00:00:00,4.5,4.5
970,2026-01-31T00:00:00,5.5,4.5
971,2026-01-01T00:00:00,4.5,4.5
971,2026-01-31T00:00:00,5.5,4.5
972,2026-01-01T00:00:00,4.5,4.5
972,2026-01-31T00:00:00,5.5,4.5
973,2026-01-01T00:00:00,4.5,4.5
973,2026-01-31T00:00:00,5.5,4.5
974,2026-01-01T00:00:00,4.5,4.5
974,2026-01-31T00:00:00,5.5,4.5
975,2026-01-01T00:00:00,4.5,4.5
975,2026-01-31T00:00:00,5.5,4.5
976,2026-01-01T00:00:00,4.5,4.5
976,2026-01-31T00:00:00,5.5,4.5
977,2026-01-01T00:00:00,4.5,4.5
977,2026-01-31T00:00:00,5.5,4.5
978,2026-01-01T00:00:00,4.5,4.5
978,2026-01-31T00:00:00,5.5,4.5
979,2026-01-01T00:00:00,4.5,4.5
979,2026-01-31T00:00:00,5.5,4.5
980,2026-01-01T00:00:00,5.5,4.5
980,2026-01-31T00:00:00,5.5,4.5
981,2026-01-01T00:00:00,5.5,4.5
981,2026-01-31T00:00:00,5.5,4.5
982,2026-01-01T00:00:00,5.5,4.5
982,2026-01-31T00:00:00,5.5,4.5
983,2026-01-01T00:00:00,5.5,4.5
983,2026-01-31T00:00:00,5.5,4.5
984,2026-01-01T00:00:00,5.5,4.5
984,2026-01-31T00:00:00,5.5,4.5
985,2026-01-01T00:00:00,5.5,4.5
985,2026-01-31T00:00:00,5.5,4.5
986,2026-01-01T00:00:00,5.5,4.5
986,2026-01-31T00:00:00,5.5,4.5
987,2026-01-01T00:00:00,5.5,4.5
987,2026-01-31T00:00:00,6.5,4.5
988,2026-01-01T00:00:00,5.5,4.5
988,2026-01-31T00:00:00,6.5,4.5
989,2026-01-01T00:00:00,5.5,4.5
989,2026-01-31T00:00:00,6.5,4.5
990,2026-01-01T00:00:00,5.5,4.5
990,2026-01-31T00:00:00,6.5,4.5
991,2026-01-01T00:00:00,5.5,4.5
991,2026-01-31T00:00:00,6.5,4.5
992,2026-01-01T00:00:00,5.5,4.5
992,2026-01-31T00:00:00,6.5,4.5
993,2026-01-01T00:00:00,5.5,4.5
993,2026-01-31T00:00:00,6.5,4.5
994,2026-01-01T00:00:00,5.5,4.5
994,2026-01-31T00:00:00,6.5,4.5
995,2026-01-01T00:00:00,5.5,4.5
995,2026-01-31T00:00:00,6.5,4.5
996,2026-01-01T00:00:00,5.5,4.5
996,2026-01-31T00:00:00,6.5,4.5
997,2026-01-01T00:00:00,5.5,4.5
997,2026-01-31T00:00:00,6.5,4.5
998,2026-01-01T00:00:00,5.5,4.5
998,2026-01-31T00:00:00,6.5,4.5
999,2026-01-01T00:00:00,5.5,4.5
999,2026-01-31T00:00:00,6.5,4.5
1000,2026-01-01T00:00:00,6.5,4.5
1000,2026-01-31T00:00:00,6.5,4.5
1001,2026-01-01T00:00:00,6.5,4.5
1001,2026-01-31T00:00:00,6.5,4.5
1002,2026-01-01T00:00:00,6.5,4.5
1002,2026-01-31T00:00:00,6.5,4.5
1003,2026-01-01T00:00:00,6.5,4.5
1003,2026-01-31T00:00:00,6.5,4.5
1004,2026-01-01T00:00:00,6.5,4.5
1004,2026-01-31T00:00:00,6.5,4.5
1005,2026-01-01T00:00:00,6.5,4.5
1005,2026-01-31T00:00:00,6.5,4.5
1006,2026-01-01T00:00:00,6.5,4.5
1006,2026-01-31T00:00:00,6.5,4.5
1007,2026-01-01T00:00:00,6.5,4.5
1007,2026-01-31T00:00:00,7.5,4.5
1008,2026-01-01T00:00:00,6.5,4.5
1008,2026-01-31T00:00:00,7.5,4.5
1009,2026-01-01T00:00:00,6.5,4.5
1009,2026-01-31T00:00:00,7.5,4.5
1010,2026-01-01T00:00:00,6.5,4.5
1010,2026-01-31T00:00:00,7.5,4.5
1011,2026-01-01T00:00:00,6.5,4.5
1011,2026-01-31T00:00:00,7.5,4.5
1012,2026-01-01T00:00:00,6.5,4.5
1012,2026-01-31T00:00:00,7.5,4.5
1013,2026-01-01T00:00:00,6.5,4.5
1013,2026-01-31T00:00:00,7.5,4.5
1014,2026-01-01T00:00:00,6.5,4.5
1014,2026-01-31T00:00:00,7.5,4.5
1015,2026-01-01T00:00:00,6.5,4.5
1015,2026-01-31T00:00:00,7.5,4.5
1016,2026-01-01T00:00:00,6.5,4.5
1016,2026-01-31T00:00:00,7.5,4.5
1017,2026-01-01T00:00:00,6.5,4.5
1017,2026-01-31T00:00:00,7.5,4.5
1018,2026-01-01T00:00:00,6.5,4.5
1018,2026-01-31T00:00:00,7.5,4.5
1019,2026-01-01T00:00:00,6.5,4.5
1019,2026-01-31T00:00:00,7.5,4.5
1020,2026-01-01T00:00:00,7.5,4.5
1020,2026-01-31T00:00:00,7.5,4.5
1021,2026-01-01T00:00:00,7.5,4.5
1021,2026-01-31T00:00:00,7.5,4.5
1022,2026-01-01T00:00:00,7.5,4.5
1022,2026-01-31T00:00:00,7.5,4.5
1023,2026-01-01T00:00:00,7.5,4.5
1023,2026-01-31T00:00:00,7.5,4.5
1024,2026-01-01T00:00:00,7.5,4.5
1024,2026-01-31T00:00:00,7.5,4.5
1025,2026-01-01T00:00:00,7.5,4.5
1025,2026-01-31T00:00:00,7.5,4.5
1026,2026-01-01T00:00:00,7.5,4.5
1026,2026-01-31T00:00:00,7.5,4.5
1027,2026-01-01T00:00:00,7.5,4.5
1027,2026-01-31T00:00:00,8.5,4.5
1028,2026-01-01T00:00:00,7.5,4.5
1028,2026-01-31T00:00:00,8.5,4.5
1029,2026-01-01T00:00:00,7.5,4.5
1029,2026-01-31T00:00:00,8.5,4.5
1030,2026-01-01T00:00:00,7.5,4.5
1030,2026-01-31T00:00:00,8.5,4.5
1031,2026-01-01T00:00:00,7.5,4.5
1031,2026-01-31T00:00:00,8.5,4.5
1032,2026-01-01T00:00:00,7.5,4.5
1032,2026-01-31T00:00:00,8.5,4.5
1033,2026-01-01T00:00:00,7.5,4.5
1033,2026-01-31T00:00:00,8.5,4.5
1034,2026-01-01T00:00:00,7.5,4.5
1034,2026-01-31T00:00:00,8.5,4.5
1035,2026-01-01T00:00:00,7.5,4.5
1035,2026-01-31T00:00:00,8.5,4.5
1036,2026-01-01T00:00:00,7.5,4.5
1036,2026-01-31T00:00:00,8.5,4.5
1037,2026-01-01T00:00:00,7.5,4.5
1037,2026-01-31T00:00:00,8.5,4.5
1038,2026-01-01T00:00:00,7.5,4.5
1038,2026-01-31T00:00:00,8.5,4.5
1039,2026-01-01T00:00:00,7.5,4.5
1039,2026-01-31T00:00:00,8.5,4.5
1040,2026-01-01T00:00:00,8.5,4.5
1040,2026-01-31T00:00:00,8.5,4.5
1041,2026-01-01T00:00:00,8.5,4.5
1041,2026-01-31T00:00:00,8.5,4.5
1042,2026-01-01T00:00:00,8.5,4.5
1042,2026-01-31T00:00:00,8.5,4.5
1043,2026-01-01T00:00:00,8.5,4.5
1043,2026-01-31T00:00:00,8.5,4.5
1044,2026-01-01T00:00:00,8.5,4.5
1044,2026-01-31T00:00:00,8.5,4.5
1045,2026-01-01T00:00:00,8.5,4.5
1045,2026-01-31T00:00:00,8.5,4.5
1046,2026-01-01T00:00:00,8.5,4.5
1046,2026-01-31T00:00:00,8.5,4.5
1047,2026-01-01T00:00:00,8.5,4.5
1047,2026-01-31T00:00:00,9.5,4.5
1048,2026-01-01T00:00:00,8.5,4.5
1048,2026-01-31T00:00:00,9.5,4.5
1049,2026-01-01T00:00:00,8.5,4.5
1049,2026-01-31T00:00:00,9.5,4.5
1050,2026-01-01T00:00:00,8.5,4.5
1050,2026-01-31T00:00:00,9.5,4.5
1051,2026-01-01T00:00:00,8.5,4.5
1051,2026-01-31T00:00:00,9.5,4.5
1052,2026-01-01T00:00:00,8.5,4.5
1052,2026-01-31T00:00:00,9.5,4.5
1053,2026-01-01T00:00:00,8.5,4.5
1053,2026-01-31T00:00:00,9.5,4.5
1054,2026-01-01T00:00:00,8.5,4.5
1054,2026-01-31T00:00:00,9.5,4.5
1055,2026-01-01T00:00:00,8.5,4.5
1055,2026-01-31T00:00:00,9.5,4.5
1056,2026-01-01T00:00:00,8.5,4.5
1056,2026-01-31T00:00:00,9.5,4.5
1057,2026-01-01T00:00:00,8.5,4.5
1057,2026-01-31T00:00:00,9.5,4.5
1058,2026-01-01T00:00:00,8.5,4.5
1058,2026-01-31T00:00:00,9.5,4.5
1059,2026-01-01T00:00:00,8.5,4.5
1059,2026-01-31T00:00:00,9.5,4.5
1060,2026-01-01T00:00:00,9.5,4.5
1060,2026-01-31T00:00:00,9.5,4.5
1061,2026-01-01T00:00:00,9.5,4.5
1061,2026-01-31T00:00:00,9.5,4.5
1062,2026-01-01T00:00:00,9.5,4.5
1062,2026-01-31T00:00:00,9.5,4.5
1063,2026-01-01T00:00:00,9.5,4.5
1063,2026-01-31T00:00:00,9.5,4.5
1064,2026-01-01T00:00:00,9.5,4.5
1064,2026-01-31T00:00:00,9.5,4.5
1065,2026-01-01T00:00:00,9.5,4.5
1065,2026-01-31T00:00:00,9.5,4.5
1066,2026-01-01T00:00:00,9.5,4.5
1066,2026-01-31T00:00:00,9.5,4.5
1067,2026-01-01T00:00:00,9.5,4.5
1067,2026-01-31T00:00:00,10.5,4.5
1068,2026-01-01T00:00:00,9.5,4.5
1068,2026-01-31T00:00:00,10.5,4.5
1069,2026-01-01T00:00:00,9.5,4.5
1069,2026-01-31T00:00:00,10.5,4.5
1070,2026-01-01T00:00:00,9.5,4.5
1070,2026-01-31T00:00:00,10.5,4.5
1071,2026-01-01T00:00:00,9.5,4.5
1071,2026-01-31T00:00:00,10.5,4.5
1072,2026-01-01T00:00:00,9.5,4.5
1072,2026-01-31T00:00:00,10.5,4.5
1073,2026-01-01T00:00:00,9.5,4.5
1073,2026-01-31T00:00:00,10.5,4.5
1074,2026-01-01T00:00:00,9.5,4.5
1074,2026-01-31T00:00:00,10.5,4.5
1075,2026-01-01T00:00:00,9.5,4.5
1075,2026-01-31T00:00:00,10.5,4.5
1076,2026-01-01T00:00:00,9.5,4.5
1076,2026-01-31T00:00:00,10.5,4.5
1077,2026-01-01T00:00:00,9.5,4.5
1077,2026-01-31T00:00:00,10.5,4.5
1078,2026-01-01T00:00:00,9.5,4.5
1078,2026-01-31T00:00:00,10.5,4.5
1079,2026-01-01T00:00:00,9.5,4.5
1079,2026-01-31T00:00:00,10.5,4.5
1080,2026-01-01T00:00:00,10.5,4.5
1080,2026-01-31T00:00:00,10.5,4.5
1081,2026-01-01T00:00:00,10.5,4.5
1081,2026-01-31T00:00:00,10.5,4.5
1082,2026-01-01T00:00:00,10.5,4.5
1082,2026-01-31T00:00:00,10.5,4.5
1083,2026-01-01T00:00:00,10.5,4.5
1083,2026-01-31T00:00:00,10.5,4.5
1084,2026-01-01T00:00:00,10.5,4.5
1084,2026-01-31T00:00:00,10.5,4.5
1085,2026-01-01T00:00:00,10.5,4.5
1085,2026-01-31T00:00:00,10.5,4.5
1086,2026-01-01T00:00:00,10.5,4.5
1086,2026-01-31T00:00:00,10.5,4.5
1087,2026-01-01T00:00:00,10.5,4.5
1087,2026-01-31T00:00:00,9.5,4.5
1088,2026-01-01T00:00:00,10.5,4.5
1088,2026-01-31T00:00:00,9.5,4.5
1089,2026-01-01T00:00:00,10.5,4.5
1089,2026-01-31T00:00:00,9.5,4.5
1090,2026-01-01T00:00:00,10.5,4.5
1090,2026-01-31T00:00:00,9.5,4.5
1091,2026-01-01T00:00:00,10.5,4.5
1091,2026-01-31T00:00:00,9.5,4.5
1092,2026-01-01T00:00:00,10.5,4.5
1092,2026-01-31T00:00:00,9.5,4.5
1093,2026-01-01T00:00:00,10.5,4.5
1093,2026-01-31T00:00:00,9.5,4.5
1094,2026-01-01T00:00:00,10.5,4.5
1094,2026-01-31T00:00:00,9.5,4.5
1095,2026-01-01T00:00:00,10.5,4.5
1095,2026-01-31T00:00:00,9.5,4.5
1096,2026-01-01T00:00:00,10.5,4.5
1096,2026-01-31T00:00:00,9.5,4.5
1097,2026-01-01T00:00:00,10.5,4.5
1097,2026-01-31T00:00:00,9.5,4.5
1098,2026-01-01T00:00:00,10.5,4.5
1098,2026-01-31T00:00:00,9.5,4.5
1099,2026-01-01T00:00:00,10.5,4.5
1099,2026-01-31T00:00:00,9.5,4.5
1100,2026-01-01T00:00:00,0.5,5.5
1100,2026-01-31T00:00:00,0.5,5.5
1101,2026-01-01T00:00:00,0.5,5.5
1101,2026-01-31T00:00:00,0.5,5.5
1102,2026-01-01T00:00:00,0.5,5.5
1102,2026-01-31T00:00:00,1.5,5.5
1103,2026-01-01T00:00:00,0.5,5.5
1103,2026-01-31T00:00:00,1.5,5.5
1104,2026-01-01T00:00:00,0.5,5.5
1104,2026-01-31T00:00:00,1.5,5.5
1105,2026-01-01T00:00:00,0.5,5.5
1105,2026-01-31T00:00:00,1.5,5.5
1106,2026-01-01T00:00:00,0.5,5.5
1106,2026-01-31T00:00:00,1.5,5.5
1107,2026-01-01T00:00:00,0.5,5.5
1107,2026-01-31T00:00:00,1.5,5.5
1108,2026-01-01T00:00:00,0.5,5.5
1108,2026-01-31T00:00:00,1.5,5.5
1109,2026-01-01T00:00:00,0.5,5.5
1109,2026-01-31T00:00:00,1.5,5.5
1110,2026-01-01T00:00:00,0.5,5.5
1110,2026-01-31T00:00:00,1.5,5.5
1111,2026-01-01T00:00:00,0.5,5.5
1111,2026-01-31T00:00:00,1.5,5.5
1112,2026-01-01T00:00:00,0.5,5.5
1112,2026-01-31T00:00:00,1.5,5.5
1113,2026-01-01T00:00:00,0.5,5.5
1113,2026-01-31T00:00:00,1.5,5.5
1114,2026-01-01T00:00:00,0.5,5.5
1114,2026-01-31T00:00:00,1.5,5.5
1115,2026-01-01T00:00:00,0.5,5.5
1115,2026-01-31T00:00:00,1.5,5.5
1116,2026-01-01T00:00:00,0.5,5.5
1116,2026-01-31T00:00:00,1.5,5.5
1117,2026-01-01T00:00:00,0.5,5.5
1117,2026-01-31T00:00:00,1.5,5.5
1118,2026-01-01T00:00:00,0.5,5.5
1118,2026-01-31T00:00:00,1.5,5.5
1119,2026-01-01T00:00:00,0.5,5.5
1119,2026-01-31T00:00:00,1.5,5.5
1120,2026-01-01T00:00:00,1.5,5.5
1120,2026-01-31T00:00:00,1.5,5.5
1121,2026-01-01T00:00:00,1.5,5.5
1121,2026-01-31T00:00:00,1.5,5.5
1122,2026-01-01T00:00:00,1.5,5.5
1122,2026-01-31T00:00:00,2.5,5.5
1123,2026-01-01T00:00:00,1.5,5.5
1123,2026-01-31T00:00:00,2.5,5.5
1124,2026-01-01T00:00:00,1.5,5.5
1124,2026-01-31T00:00:00,2.5,5.5
1125,2026-01-01T00:00:00,1.5,5.5
1125,2026-01-31T00:00:00,2.5,5.5
1126,2026-01-01T00:00:00,1.5,5.5
1126,2026-01-31T00:00:00,2.5,5.5
1127,2026-01-01T00:00:00,1.5,5.5
1127,2026-01-31T00:00:00,2.5,5.5
1128,2026-01-01T00:00:00,1.5,5.5
1128,2026-01-31T00:00:00,2.5,5.5
1129,2026-01-01T00:00:00,1.5,5.5
1129,2026-01-31T00:00:00,2.5,5.5
1130,2026-01-01T00:00:00,1.5,5.5
1130,2026-01-31T00:00:00,2.5,5.5
1131,2026-01-01T00:00:00,1.5,5.5
1131,2026-01-31T00:00:00,2.5,5.5
1132,2026-01-01T00:00:00,1.5,5.5
1132,2026-01-31T00:00:00,2.5,5.5
1133,2026-01-01T00:00:00,1.5,5.5
1133,2026-01-31T00:00:00,2.5,5.5
1134,2026-01-01T00:00:00,1.5,5.5
1134,2026-01-31T00:00:00,2.5,5.5
1135,2026-01-01T00:00:00,1.5,5.5
1135,2026-01-31T00:00:00,2.5,5.5
1136,2026-01-01T00:00:00,1.5,5.5
1136,2026-01-31T00:00:00,2.5,5.5
1137,2026-01-01T00:00:00,1.5,5.5
1137,2026-01-31T00:00:00,2.5,5.5
1138,2026-01-01T00:00:00,1.5,5.5
1138,2026-01-31T00:00:00,2.5,5.5
1139,2026-01-01T00:00:00,1.5,5.5
1139,2026-01-31T00:00:00,2.5,5.5
1140,2026-01-01T00:00:00,2.5,5.5
1140,2026-01-31T00:00:00,2.5,5.5
1141,2026-01-01T00:00:00,2.5,5.5
1141,2026-01-31T00:00:00,2.5,5.5
1142,2026-01-01T00:00:00,2.5,5.5
1142,2026-01-31T00:00:00,3.5,5.5
1143,2026-01-01T00:00:00,2.5,5.5
1143,2026-01-31T00:00:00,3.5,5.5
1144,2026-01-01T00:00:00,2.5,5.5
1144,2026-01-31T00:00:00,3.5,5.5
1145,2026-01-01T00:00:00,2.5,5.5
1145,2026-01-31T00:00:00,3.5,5.5
1146,2026-01-01T00:00:00,2.5,5.5
1146,2026-01-31T00:00:00,3.5,5.5
1147,2026-01-01T00:00:00,2.5,5.5
1147,2026-01-31T00:00:00,3.5,5.5
1148,2026-01-01T00:00:00,2.5,5.5
1148,2026-01-31T00:00:00,3.5,5.5
1149,2026-01-01T00:00:00,2.5,5.5
1149,2026-01-31T00:00:00,3.5,5.5
1150,2026-01-01T00:00:00,2.5,5.5
1150,2026-01-31T00:00:00,3.5,5.5
1151,2026-01-01T00:00:00,2.5,5.5
1151,2026-01-31T00:00:00,3.5,5.5
1152,2026-01-01T00:00:00,2.5,5.5
1152,2026-01-31T00:00:00,3.5,5.5
1153,2026-01-01T00:00:00,2.5,5.5
1153,2026-01-31T00:00:00,3.5,5.5
1154,2026-01-01T00:00:00,2.5,5.5
1154,2026-01-31T00:00:00,3.5,5.5
1155,2026-01-01T00:00:00,2.5,5.5
1155,2026-01-31T00:00:00,3.5,5.5
1156,2026-01-01T00:00:00,2.5,5.5
1156,2026-01-31T00:00:00,3.5,5.5
1157,2026-01-01T00:00:00,2.5,5.5
1157,2026-01-31T00:00:00,3.5,5.5
1158,2026-01-01T00:00:00,2.5,5.5
1158,2026-01-31T00:00:00,3.5,5.5
1159,2026-01-01T00:00:00,2.5,5.5
1159,2026-01-31T00:00:00,3.5,5.5
1160,2026-01-01T00:00:00,3.5,5.5
1160,2026-01-31T00:00:00,3.5,5.5
1161,2026-01-01T00:00:00,3.5,5.5
1161,2026-01-31T00:00:00,3.5,5.5
1162,2026-01-01T00:00:00,3.5,5.5
1162,2026-01-31T00:00:00,4.5,5.5
1163,2026-01-01T00:00:00,3.5,5.5
1163,2026-01-31T00:00:00,4.5,5.5
1164,2026-01-01T00:00:00,3.5,5.5
1164,2026-01-31T00:00:00,4.5,5.5
1165,2026-01-01T00:00:00,3.5,5.5
1165,2026-01-31T00:00:00,4.5,5.5
1166,2026-01-01T00:00:00,3.5,5.5
1166,2026-01-31T00:00:00,4.5,5.5
1167,2026-01-01T00:00:00,3.5,5.5
1167,2026-01-31T00:00:00,4.5,5.5
1168,2026-01-01T00:00:00,3.5,5.5
1168,2026-01-31T00:00:00,4.5,5.5
1169,2026-01-01T00:00:00,3.5,5.5
1169,2026-01-31T00:00:00,4.5,5.5
1170,2026-01-01T00:00:00,3.5,5.5
1170,2026-01-31T00:00:00,4.5,5.5
1171,2026-01-01T00:00:00,3.5,5.5
1171,2026-01-31T00:00:00,4.5,5.5
1172,2026-01-01T00:00:00,3.5,5.5
1172,2026-01-31T00:00:00,4.5,5.5
1173,2026-01-01T00:00:00,3.5,5.5
1173,2026-01-31T00:00:00,4.5,5.5
1174,2026-01-01T00:00:00,3.5,5.5
1174,2026-01-31T00:00:00,4.5,5.5
1175,2026-01-01T00:00:00,3.5,5.5
1175,2026-01-31T00:00:00,4.5,5.5
1176,2026-01-01T00:00:00,3.5,5.5
1176,2026-01-31T00:00:00,4.5,5.5
1177,2026-01-01T00:00:00,3.5,5.5
1177,2026-01-31T00:00:00,4.5,5.5
1178,2026-01-01T00:00:00,3.5,5.5
1178,2026-01-31T00:00:00,4.5,5.5
1179,2026-01-01T00:00:00,3.5,5.5
1179,2026-01-31T00:00:00,4.5,5.5
1180,2026-01-01T00:00:00,4.5,5.5
1180,2026-01-31T00:00:00,4.5,5.5
1181,2026-01-01T00:00:00,4.5,5.5
1181,2026-01-31T00:00:00,4.5,5.5
1182,2026-01-01T00:00:00,4.5,5.5
1182,2026-01-31T00:00:00,5.5,5.5
1183,2026-01-01T00:00:00,4.5,5.5
1183,2026-01-31T00:00:00,5.5,5.5
1184,2026-01-01T00:00:00,4.5,5.5
1184,2026-01-31T00:00:00,5.5,5.5
1185,2026-01-01T00:00:00,4.5,5.5
1185,2026-01-31T00:00:00,5.5,5.5
1186,2026-01-01T00:00:00,4.5,5.5
1186,2026-01-31T00:00:00,5.5,5.5
1187,2026-01-01T00:00:00,4.5,5.5
1187,2026-01-31T00:00:00,5.5,5.5
1188,2026-01-01T00:00:00,4.5,5.5
1188,2026-01-31T00:00:00,5.5,5.5
1189,2026-01-01T00:00:00,4.5,5.5
1189,2026-01-31T00:00:00,5.5,5.5
1190,2026-01-01T00:00:00,4.5,5.5
1190,2026-01-31T00:00:00,5.5,5.5
1191,2026-01-01T00:00:00,4.5,5.5
1191,2026-01-31T00:00:00,5.5,5.5
1192,2026-01-01T00:00:00,4.5,5.5
1192,2026-01-31T00:00:00,5.5,5.5
1193,2026-01-01T00:00:00,4.5,5.5
1193,2026-01-31T00:00:00,5.5,5.5
1194,2026-01-01T00:00:00,4.5,5.5
1194,2026-01-31T00:00:00,5.5,5.5
1195,2026-01-01T00:00:00,4.5,5.5
1195,2026-01-31T00:00:00,5.5,5.5
1196,2026-01-01T00:00:00,4.5,5.5
1196,2026-01-31T00:00:00,5.5,5.5
1197,2026-01-01T00:00:00,4.5,5.5
1197,2026-01-31T00:00:00,5.5,5.5
1198,2026-01-01T00:00:00,4.5,5.5
1198,2026-01-31T00:00:00,5.5,5.5
1199,2026-01-01T00:00:00,4.5,5.5
1199,2026-01-31T00:00:00,5.5,5.5
1200,2026-01-01T00:00:00,5.5,5.5
1200,2026-01-31T00:00:00,5.5,5.5
1201,2026-01-01T00:00:00,5.5,5.5
1201,2026-01-31T00:00:00,5.5,5.5
1202,2026-01-01T00:00:00,5.5,5.5
1202,2026-01-31T00:00:00,6.5,5.5
1203,2026-01-01T00:00:00,5.5,5.5
1203,2026-01-31T00:00:00,6.5,5.5
1204,2026-01-01T00:00:00,5.5,5.5
1204,2026-01-31T00:00:00,6.5,5.5
1205,2026-01-01T00:00:00,5.5,5.5
1205,2026-01-31T00:00:00,6.5,5.5
1206,2026-01-01T00:00:00,5.5,5.5
1206,2026-01-31T00:00:00,6.5,5.5
1207,2026-01-01T00:00:00,5.5,5.5
1207,2026-01-31T00:00:00,6.5,5.5
1208,2026-01-01T00:00:00,5.5,5.5
1208,2026-01-31T00:00:00,6.5,5.5
1209,2026-01-01T00:00:00,5.5,5.5
1209,2026-01-31T00:00:00,6.5,5.5
1210,2026-01-01T00:00:00,5.5,5.5
1210,2026-01-31T00:00:00,6.5,5.5
1211,2026-01-01T00:00:00,5.5,5.5
1211,2026-01-31T00:00:00,6.5,5.5
1212,2026-01-01T00:00:00,5.5,5.5
1212,2026-01-31T00:00:00,6.5,5.5
1213,2026-01-01T00:00:00,5.5,5.5
1213,2026-01-31T00:00:00,6.5,5.5
1214,2026-01-01T00:00:00,5.5,5.5
1214,2026-01-31T00:00:00,6.5,5.5
1215,2026-01-01T00:00:00,5.5,5.5
1215,2026-01-31T00:00:00,6.5,5.5
1216,2026-01-01T00:00:00,5.5,5.5
1216,2026-01-31T00:00:00,6.5,5.5
1217,2026-01-01T00:00:00,5.5,5.5
1217,2026-01-31T00:00:00,6.5,5.5
1218,2026-01-01T00:00:00,5.5,5.5
1218,2026-01-31T00:00:00,6.5,5.5
1219,2026-01-01T00:00:00,5.5,5.5
1219,2026-01-31T00:00:00,6.5,5.5
1220,2026-01-01T00:00:00,6.5,5.5
1220,2026-01-31T00:00:00,6.5,5.5
1221,2026-01-01T00:00:00,6.5,5.5
1221,2026-01-31T00:00:00,6.5,5.5
1222,2026-01-01T00:00:00,6.5,5.5
1222,2026-01-31T00:00:00,7.5,5.5
1223,2026-01-01T00:00:00,6.5,5.5
1223,2026-01-31T00:00:00,7.5,5.5
1224,2026-01-01T00:00:00,6.5,5.5
1224,2026-01-31T00:00:00,7.5,5.5
1225,2026-01-01T00:00:00,6.5,5.5
1225,2026-01-31T00:00:00,7.5,5.5
1226,2026-01-01T00:00:00,6.5,5.5
1226,2026-01-31T00:00:00,7.5,5.5
1227,2026-01-01T00:00:00,6.5,5.5
1227,2026-01-31T00:00:00,7.5,5.5
1228,2026-01-01T00:00:00,6.5,5.5
1228,2026-01-31T00:00:00,7.5,5.5
1229,2026-01-01T00:00:00,6.5,5.5
1229,2026-01-31T00:00:00,7.5,5.5
1230,2026-01-01T00:00:00,6.5,5.5
1230,2026-01-31T00:00:00,7.5,5.5
1231,2026-01-01T00:00:00,6.5,5.5
1231,2026-01-31T00:00:00,7.5,5.5
1232,2026-01-01T00:00:00,6.5,5.5
1232,2026-01-31T00:00:00,7.5,5.5
1233,2026-01-01T00:00:00,6.5,5.5
1233,2026-01-31T00:00:00,7.5,5.5
1234,2026-01-01T00:00:00,6.5,5.5
1234,2026-01-31T00:00:00,7.5,5.5
1235,2026-01-01T00:00:00,6.5,5.5
1235,2026-01-31T00:00:00,7.5,5.5
1236,2026-01-01T00:00:00,6.5,5.5
1236,2026-01-31T00:00:00,7.5,5.5
1237,2026-01-01T00:00:00,6.5,5.5
1237,2026-01-31T00:00:00,7.5,5.5
1238,2026-01-01T00:00:00,6.5,5.5
1238,2026-01-31T00:00:00,7.5,5.5
1239,2026-01-01T00:00:00,6.5,5.5
1239,2026-01-31T00:00:00,7.5,5.5
1240,2026-01-01T00:00:00,7.5,5.5
1240,2026-01-31T00:00:00,7.5,5.5
1241,2026-01-01T00:00:00,7.5,5.5
1241,2026-01-31T00:00:00,7.5,5.5
1242,2026-01-01T00:00:00,7.5,5.5
1242,2026-01-31T00:00:00,8.5,5.5
1243,2026-01-01T00:00:00,7.5,5.5
1243,2026-01-31T00:00:00,8.5,5.5
1244,2026-01-01T00:00:00,7.5,5.5
1244,2026-01-31T00:00:00,8.5,5.5
1245,2026-01-01T00:00:00,7.5,5.5
1245,2026-01-31T00:00:00,8.5,5.5
1246,2026-01-01T00:00:00,7.5,5.5
1246,2026-01-31T00:00:00,8.5,5.5
1247,2026-01-01T00:00:00,7.5,5.5
1247,2026-01-31T00:00:00,8.5,5.5
1248,2026-01-01T00:00:00,7.5,5.5
1248,2026-01-31T00:00:00,8.5,5.5
1249,2026-01-01T00:00:00,7.5,5.5
1249,2026-01-31T00:00:00,8.5,5.5
1250,2026-01-01T00:00:00,7.5,5.5
1250,2026-01-31T00:00:00,8.5,5.5
1251,2026-01-01T00:00:00,7.5,5.5
1251,2026-01-31T00:00:00,8.5,5.5
1252,2026-01-01T00:00:00,7.5,5.5
1252,2026-01-31T00:00:00,8.5,5.5
1253,2026-01-01T00:00:00,7.5,5.5
1253,2026-01-31T00:00:00,8.5,5.5
1254,2026-01-01T00:00:00,7.5,5.5
1254,2026-01-31T00:00:00,8.5,5.5
1255,2026-01-01T00:00:00,7.5,5.5
1255,2026-01-31T00:00:00,8.5,5.5
1256,2026-01-01T00:00:00,7.5,5.5
1256,2026-01-31T00:00:00,8.5,5.5
1257,2026-01-01T00:00:00,7.5,5.5
1257,2026-01-31T00:00:00,8.5,5.5
1258,2026-01-01T00:00:00,7.5,5.5
1258,2026-01-31T00:00:00,8.5,5.5
1259,2026-01-01T00:00:00,7.5,5.5
1259,2026-01-31T00:00:00,8.5,5.5
1260,2026-01-01T00:00:00,8.5,5.5
1260,2026-01-31T00:00:00,8.5,5.5
1261,2026-01-01T00:00:00,8.5,5.5
1261,2026-01-31T00:00:00,8.5,5.5
1262,2026-01-01T00:00:00,8.5,5.5
1262,2026-01-31T00:00:00,9.5,5.5
1263,2026-01-01T00:00:00,8.5,5.5
1263,2026-01-31T00:00:00,9.5,5.5
1264,2026-01-01T00:00:00,8.5,5.5
1264,2026-01-31T00:00:00,9.5,5.5
1265,2026-01-01T00:00:00,8.5,5.5
1265,2026-01-31T00:00:00,9.5,5.5
1266,2026-01-01T00:00:00,8.5,5.5
1266,2026-01-31T00:00:00,9.5,5.5
1267,2026-01-01T00:00:00,8.5,5.5
1267,2026-01-31T00:00:00,9.5,5.5
1268,2026-01-01T00:00:00,8.5,5.5
1268,2026-01-31T00:00:00,9.5,5.5
1269,2026-01-01T00:00:00,8.5,5.5
1269,2026-01-31T00:00:00,9.5,5.5
1270,2026-01-01T00:00:00,8.5,5.5
1270,2026-01-31T00:00:00,9.5,5.5
1271,2026-01-01T00:00:00,8.5,5.5
1271,2026-01-31T00:00:00,9.5,5.5
1272,2026-01-01T00:00:00,8.5,5.5
1272,2026-01-31T00:00:00,9.5,5.5
1273,2026-01-01T00:00:00,8.5,5.5
1273,2026-01-31T00:00:00,9.5,5.5
1274,2026-01-01T00:00:00,8.5,5.5
1274,2026-01-31T00:00:00,9.5,5.5
1275,2026-01-01T00:00:00,8.5,5.5
1275,2026-01-31T00:00:00,9.5,5.5
1276,2026-01-01T00:00:00,8.5,5.5
1276,2026-01-31T00:00:00,9.5,5.5
1277,2026-01-01T00:00:00,8.5,5.5
1277,2026-01-31T00:00:00,9.5,5.5
1278,2026-01-01T00:00:00,8.5,5.5
1278,2026-01-31T00:00:00,9.5,5.5
1279,2026-01-01T00:00:00,8.5,5.5
1279,2026-01-31T00:00:00,9.5,5.5
1280,2026-01-01T00:00:00,9.5,5.5
1280,2026-01-31T00:00:00,9.5,5.5
1281,2026-01-01T00:00:00,9.5,5.5
1281,2026-01-31T00:00:00,9.5,5.5
1282,2026-01-01T00:00:00,9.5,5.5
1282,2026-01-31T00:00:00,10.5,5.5
1283,2026-01-01T00:00:00,9.5,5.5
1283,2026-01-31T00:00:00,10.5,5.5
1284,2026-01-01T00:00:00,9.5,5.5
1284,2026-01-31T00:00:00,10.5,5.5
1285,2026-01-01T00:00:00,9.5,5.5
1285,2026-01-31T00:00:00,10.5,5.5
1286,2026-01-01T00:00:00,9.5,5.5
1286,2026-01-31T00:00:00,10.5,5.5
1287,2026-01-01T00:00:00,9.5,5.5
1287,2026-01-31T00:00:00,10.5,5.5
1288,2026-01-01T00:00:00,9.5,5.5
1288,2026-01-31T00:00:00,10.5,5.5
1289,2026-01-01T00:00:00,9.5,5.5
1289,2026-01-31T00:00:00,10.5,5.5
1290,2026-01-01T00:00:00,9.5,5.5
1290,2026-01-31T00:00:00,10.5,5.5
1291,2026-01-01T00:00:00,9.5,5.5
1291,2026-01-31T00:00:00,10.5,5.5
1292,2026-01-01T00:00:00,9.5,5.5
1292,2026-01-31T00:00:00,10.5,5.5
1293,2026-01-01T00:00:00,9.5,5.5
1293,2026-01-31T00:00:00,10.5,5.5
1294,2026-01-01T00:00:00,9.5,5.5
1294,2026-01-31T00:00:00,10.5,5.5
1295,2026-01-01T00:00:00,9.5,5.5
1295,2026-01-31T00:00:00,10.5,5.5
1296,2026-01-01T00:00:00,9.5,5.5
1296,2026-01-31T00:00:00,10.5,5.5
1297,2026-01-01T00:00:00,9.5,5.5
1297,2026-01-31T00:00:00,10.5,5.5
1298,2026-01-01T00:00:00,9.5,5.5
1298,2026-01-31T00:00:00,10.5,5.5
1299,2026-01-01T00:00:00,9.5,5.5
1299,2026-01-31T00:00:00,10.5,5.5
1300,2026-01-01T00:00:00,10.5,5.5
1300,2026-01-31T00:00:00,10.5,5.5
1301,2026-01-01T00:00:00,10.5,5.5
1301,2026-01-31T00:00:00,10.5,5.5
1302,2026-01-01T00:00:00,10.5,5.5
1302,2026-01-31T00:00:00,9.5,5.5
1303,2026-01-01T00:00:00,10.5,5.5
1303,2026-01-31T00:00:00,9.5,5.5
1304,2026-01-01T00:00:00,10.5,5.5
1304,2026-01-31T00:00:00,9.5,5.5
1305,2026-01-01T00:00:00,10.5,5.5
1305,2026-01-31T00:00:00,9.5,5.5
1306,2026-01-01T00:00:00,10.5,5.5
1306,2026-01-31T00:00:00,9.5,5.5
1307,2026-01-01T00:00:00,10.5,5.5
1307,2026-01-31T00:00:00,9.5,5.5
1308,2026-01-01T00:00:00,10.5,5.5
1308,2026-01-31T00:00:00,9.5,5.5
1309,2026-01-01T00:00:00,10.5,5.5
1309,2026-01-31T00:00:00,9.5,5.5
1310,2026-01-01T00:00:00,10.5,5.5
1310,2026-01-31T00:00:00,9.5,5.5
1311,2026-01-01T00:00:00,10.5,5.5
1311,2026-01-31T00:00:00,9.5,5.5
1312,2026-01-01T00:00:00,10.5,5.5
1312,2026-01-31T00:00:00,9.5,5.5
1313,2026-01-01T00:00:00,10.5,5.5
1313,2026-01-31T00:00:00,9.5,5.5
1314,2026-01-01T00:00:00,10.5,5.5
1314,2026-01-31T00:00:00,9.5,5.5
1315,2026-01-01T00:00:00,10.5,5.5
1315,2026-01-31T00:00:00,9.5,5.5
1316,2026-01-01T00:00:00,10.5,5.5
1316,2026-01-31T00:00:00,9.5,5.5
1317,2026-01-01T00:00:00,10.5,5.5
1317,2026-01-31T00:00:00,9.5,5.5
1318,2026-01-01T00:00:00,10.5,5.5
1318,2026-01-31T00:00:00,9.5,5.5
1319,2026-01-01T00:00:00,10.5,5.5
1319,2026-01-31T00:00:00,9.5,5.5
1320,2026-01-01T00:00:00,0.5,6.5
1320,2026-01-31T00:00:00,0.5,6.5
1321,2026-01-01T00:00:00,0.5,6.5
1321,2026-01-31T00:00:00,0.5,6.5
1322,2026-01-01T00:00:00,0.5,6.5
1322,2026-01-31T00:00:00,0.5,6.5
1323,2026-01-01T00:00:00,0.5,6.5
1323,2026-01-31T00:00:00,0.5,6.5
1324,2026-01-01T00:00:00,0.5,6.5
1324,2026-01-31T00:00:00,0.5,6.5
1325,2026-01-01T00:00:00,0.5,6.5
1325,2026-01-31T00:00:00,0.5,6.5
1326,2026-01-01T00:00:00,0.5,6.5
1326,2026-01-31T00:00:00,0.5,6.5
1327,2026-01-01T00:00:00,0.5,6.5
1327,2026-01-31T00:00:00,1.5,6.5
1328,2026-01-01T00:00:00,0.5,6.5
1328,2026-01-31T00:00:00,1.5,6.5
1329,2026-01-01T00:00:00,0.5,6.5
1329,2026-01-31T00:00:00,1.5,6.5
1330,2026-01-01T00:00:00,0.5,6.5
1330,2026-01-31T00:00:00,1.5,6.5
1331,2026-01-01T00:00:00,0.5,6.5
1331,2026-01-31T00:00:00,1.5,6.5
1332,2026-01-01T00:00:00,0.5,6.5
1332,2026-01-31T00:00:00,1.5,6.5
1333,2026-01-01T00:00:00,0.5,6.5
1333,2026-01-31T00:00:00,1.5,6.5
1334,2026-01-01T00:00:00,0.5,6.5
1334,2026-01-31T00:00:00,1.5,6.5
1335,2026-01-01T00:00:00,0.5,6.5
1335,2026-01-31T00:00:00,1.5,6.5
1336,2026-01-01T00:00:00,0.5,6.5
1336,2026-01-31T00:00:00,1.5,6.5
1337,2026-01-01T00:00:00,0.5,6.5
1337,2026-01-31T00:00:00,1.5,6.5
1338,2026-01-01T00:00:00,0.5,6.5
1338,2026-01-31T00:00:00,1.5,6.5
1339,2026-01-01T00:00:00,0.5,6.5
1339,2026-01-31T00:00:00,1.5,6.5
1340,2026-01-01T00:00:00,1.5,6.5
1340,2026-01-31T00:00:00,1.5,6.5
1341,2026-01-01T00:00:00,1.5,6.5
1341,2026-01-31T00:00:00,1.5,6.5
1342,2026-01-01T00:00:00,1.5,6.5
1342,2026-01-31T00:00:00,1.5,6.5
1343,2026-01-01T00:00:00,1.5,6.5
1343,2026-01-31T00:00:00,1.5,6.5
1344,2026-01-01T00:00:00,1.5,6.5
1344,2026-01-31T00:00:00,1.5,6.5
1345,2026-01-01T00:00:00,1.5,6.5
1345,2026-01-31T00:00:00,1.5,6.5
1346,2026-01-01T00:00:00,1.5,6.5
1346,2026-01-31T00:00:00,1.5,6.5
1347,2026-01-01T00:00:00,1.5,6.5
1347,2026-01-31T00:00:00,2.5,6.5
1348,2026-01-01T00:00:00,1.5,6.5
1348,2026-01-31T00:00:00,2.5,6.5
1349,2026-01-01T00:00:00,1.5,6.5
1349,2026-01-31T00:00:00,2.5,6.5
1350,2026-01-01T00:00:00,1.5,6.5
1350,2026-01-31T00:00:00,2.5,6.5
1351,2026-01-01T00:00:00,1.5,6.5
1351,2026-01-31T00:00:00,2.5,6.5
1352,2026-01-01T00:00:00,1.5,6.5
1352,2026-01-31T00:00:00,2.5,6.5
1353,2026-01-01T00:00:00,1.5,6.5
1353,2026-01-31T00:00:00,2.5,6.5
1354,2026-01-01T00:00:00,1.5,6.5
1354,2026-01-31T00:00:00,2.5,6.5
1355,2026-01-01T00:00:00,1.5,6.5
1355,2026-01-31T00:00:00,2.5,6.5
1356,2026-01-01T00:00:00,1.5,6.5
1356,2026-01-31T00:00:00,2.5,6.5
1357,2026-01-01T00:00:00,1.5,6.5
1357,2026-01-31T00:00:00,2.5,6.5
1358,2026-01-01T00:00:00,1.5,6.5
1358,2026-01-31T00:00:00,2.5,6.5
1359,2026-01-01T00:00:00,1.5,6.5
1359,2026-01-31T00:00:00,2.5,6.5
1360,2026-01-01T00:00:00,2.5,6.5
1360,2026-01-31T00:00:00,2.5,6.5
1361,2026-01-01T00:00:00,2.5,6.5
1361,2026-01-31T00:00:00,2.5,6.5
1362,2026-01-01T00:00:00,2.5,6.5
1362,2026-01-31T00:00:00,2.5,6.5
1363,2026-01-01T00:00:00,2.5,6.5
1363,2026-01-31T00:00:00,2.5,6.5
1364,2026-01-01T00:00:00,2.5,6.5
1364,2026-01-31T00:00:00,2.5,6.5
1365,2026-01-01T00:00:00,2.5,6.5
1365,2026-01-31T00:00:00,2.5,6.5
1366,2026-01-01T00:00:00,2.5,6.5
1366,2026-01-31T00:00:00,2.5,6.5
1367,2026-01-01T00:00:00,2.5,6.5
1367,2026-01-31T00:00:00,3.5,6.5
1368,2026-01-01T00:00:00,2.5,6.5
1368,2026-01-31T00:00:00,3.5,6.5
1369,2026-01-01T00:00:00,2.5,6.5
1369,2026-01-31T00:00:00,3.5,6.5
1370,2026-01-01T00:00:00,2.5,6.5
1370,2026-01-31T00:00:00,3.5,6.5
1371,2026-01-01T00:00:00,2.5,6.5
1371,2026-01-31T00:00:00,3.5,6.5
1372,2026-01-01T00:00:00,2.5,6.5
1372,2026-01-31T00:00:00,3.5,6.5
1373,2026-01-01T00:00:00,2.5,6.5
1373,2026-01-31T00:00:00,3.5,6.5
1374,2026-01-01T00:00:00,2.5,6.5
1374,2026-01-31T00:00:00,3.5,6.5
1375,2026-01-01T00:00:00,2.5,6.5
1375,2026-01-31T00:00:00,3.5,6.5
1376,2026-01-01T00:00:00,2.5,6.5
1376,2026-01-31T00:00:00,3.5,6.5
1377,2026-01-01T00:00:00,2.5,6.5
1377,2026-01-31T00:00:00,3.5,6.5
1378,2026-01-01T00:00:00,2.5,6.5
1378,2026-01-31T00:00:00,3.5,6.5
1379,2026-01-01T00:00:00,2.5,6.5
1379,2026-01-31T00:00:00,3.5,6.5
1380,2026-01-01T00:00:00,3.5,6.5
1380,2026-01-31T00:00:00,3.5,6.5
1381,2026-01-01T00:00:00,3.5,6.5
1381,2026-01-31T00:00:00,3.5,6.5
1382,2026-01-01T00:00:00,3.5,6.5
1382,2026-01-31T00:00:00,3.5,6.5
1383,2026-01-01T00:00:00,3.5,6.5
1383,2026-01-31T00:00:00,3.5,6.5
1384,2026-01-01T00:00:00,3.5,6.5
1384,2026-01-31T00:00:00,3.5,6.5
1385,2026-01-01T00:00:00,3.5,6.5
1385,2026-01-31T00:00:00,3.5,6.5
1386,2026-01-01T00:00:00,3.5,6.5
1386,2026-01-31T00:00:00,3.5,6.5
1387,2026-01-01T00:00:00,3.5,6.5
1387,2026-01-31T00:00:00,4.5,6.5
1388,2026-01-01T00:00:00,3.5,6.5
1388,2026-01-31T00:00:00,4.5,6.5
1389,2026-01-01T00:00:00,3.5,6.5
1389,2026-01-31T00:00:00,4.5,6.5
1390,2026-01-01T00:00:00,3.5,6.5
1390,2026-01-31T00:00:00,4.5,6.5
1391,2026-01-01T00:00:00,3.5,6.5
1391,2026-01-31T00:00:00,4.5,6.5
1392,2026-01-01T00:00:00,3.5,6.5
1392,2026-01-31T00:00:00,4.5,6.5
1393,2026-01-01T00:00:00,3.5,6.5
1393,2026-01-31T00:00:00,4.5,6.5
1394,2026-01-01T00:00:00,3.5,6.5
1394,2026-01-31T00:00:00,4.5,6.5
1395,2026-01-01T00:00:00,3.5,6.5
1395,2026-01-31T00:00:00,4.5,6.5
1396,2026-01-01T00:00:00,3.5,6.5
1396,2026-01-31T00:00:00,4.5,6.5
1397,2026-01-01T00:00:00,3.5,6.5
1397,2026-01-31T00:00:00,4.5,6.5
1398,2026-01-01T00:00:00,3.5,6.5
1398,2026-01-31T00:00:00,4.5,6.5
1399,2026-01-01T00:00:00,3.5,6.5
1399,2026-01-31T00:00:00,4.5,6.5
1400,2026-01-01T00:00:00,4.5,6.5
1400,2026-01-31T00:00:00,4.5,6.5
1401,2026-01-01T00:00:00,4.5,6.5
1401,2026-01-31T00:00:00,4.5,6.5
1402,2026-01-01T00:00:00,4.5,6.5
1402,2026-01-31T00:00:00,4.5,6.5
1403,2026-01-01T00:00:00,4.5,6.5
1403,2026-01-31T00:00:00,4.5,6.5
1404,2026-01-01T00:00:00,4.5,6.5
1404,2026-01-31T00:00:00,4.5,6.5
1405,2026-01-01T00:00:00,4.5,6.5
1405,2026-01-31T00:00:00,4.5,6.5
1406,2026-01-01T00:00:00,4.5,6.5
1406,2026-01-31T00:00:00,4.5,6.5
1407,2026-01-01T00:00:00,4.5,6.5
1407,2026-01-31T00:00:00,5.5,6.5
1408,2026-01-01T00:00:00,4.5,6.5
1408,2026-01-31T00:00:00,5.5,6.5
1409,2026-01-01T00:00:00,4.5,6.5
1409,2026-01-31T00:00:00,5.5,6.5
1410,2026-01-01T00:00:00,4.5,6.5
1410,2026-01-31T00:00:00,5.5,6.5
1411,2026-01-01T00:00:00,4.5,6.5
1411,2026-01-31T00:00:00,5.5,6.5
1412,2026-01-01T00:00:00,4.5,6.5
1412,2026-01-31T00:00:00,5.5,6.5
1413,2026-01-01T00:00:00,4.5,6.5
1413,2026-01-31T00:00:00,5.5,6.5
1414,2026-01-01T00:00:00,4.5,6.5
1414,2026-01-31T00:00:00,5.5,6.5
1415,2026-01-01T00:00:00,4.5,6.5
1415,2026-01-31T00:00:00,5.5,6.5
1416,2026-01-01T00:00:00,4.5,6.5
1416,2026-01-31T00:00:00,5.5,6.5
1417,2026-01-01T00:00:00,4.5,6.5
1417,2026-01-31T00:00:00,5.5,6.5
1418,2026-01-01T00:00:00,4.5,6.5
1418,2026-01-31T00:00:00,5.5,6.5
1419,2026-01-01T00:00:00,4.5,6.5
1419,2026-01-31T00:00:00,5.5,6.5
1420,2026-01-01T00:00:00,5.5,6.5
1420,2026-01-31T00:00:00,5.5,6.5
1421,2026-01-01T00:00:00,5.5,6.5
1421,2026-01-31T00:00:00,5.5,6.5
1422,2026-01-01T00:00:00,5.5,6.5
1422,2026-01-31T00:00:00,5.5,6.5
1423,2026-01-01T00:00:00,5.5,6.5
1423,2026-01-31T00:00:00,5.5,6.5
1424,2026-01-01T00:00:00,5.5,6.5
1424,2026-01-31T00:00:00,5.5,6.5
1425,2026-01-01T00:00:00,5.5,6.5
1425,2026-01-31T00:00:00,5.5,6.5
1426,2026-01-01T00:00:00,5.5,6.5
1426,2026-01-31T00:00:00,5.5,6.5
1427,2026-01-01T00:00:00,5.5,6.5
1427,2026-01-31T00:00:00,6.5,6.5
1428,2026-01-01T00:00:00,5.5,6.5
1428,2026-01-31T00:00:00,6.5,6.5
1429,2026-01-01T00:00:00,5.5,6.5
1429,2026-01-31T00:00:00,6.5,6.5
1430,2026-01-01T00:00:00,5.5,6.5
1430,2026-01-31T00:00:00,6.5,6.5
1431,2026-01-01T00:00:00,5.5,6.5
1431,2026-01-31T00:00:00,6.5,6.5
1432,2026-01-01T00:00:00,5.5,6.5
1432,2026-01-31T00:00:00,6.5,6.5
1433,2026-01-01T00:00:00,5.5,6.5
1433,2026-01-31T00:00:00,6.5,6.5
1434,2026-01-01T00:00:00,5.5,6.5
1434,2026-01-31T00:00:00,6.5,6.5
1435,2026-01-01T00:00:00,5.5,6.5
1435,2026-01-31T00:00:00,6.5,6.5
1436,2026-01-01T00:00:00,5.5,6.5
1436,2026-01-31T00:00:00,6.5,6.5
1437,2026-01-01T00:00:00,5.5,6.5
1437,2026-01-31T00:00:00,6.5,6.5
1438,2026-01-01T00:00:00,5.5,6.5
1438,2026-01-31T00:00:00,6.5,6.5
1439,2026-01-01T00:00:00,5.5,6.5
1439,2026-01-31T00:00:00,6.5,6.5
1440,2026-01-01T00:00:00,6.5,6.5
1440,2026-01-31T00:00:00,6.5,6.5
1441,2026-01-01T00:00:00,6.5,6.5
1441,2026-01-31T00:00:00,6.5,6.5
1442,2026-01-01T00:00:00,6.5,6.5
1442,2026-01-31T00:00:00,6.5,6.5
1443,2026-01-01T00:00:00,6.5,6.5
1443,2026-01-31T00:00:00,6.5,6.5
1444,2026-01-01T00:00:00,6.5,6.5
1444,2026-01-31T00:00:00,6.5,6.5
1445,2026-01-01T00:00:00,6.5,6.5
1445,2026-01-31T00:00:00,6.5,6.5
1446,2026-01-01T00:00:00,6.5,6.5
1446,2026-01-31T00:00:00,6.5,6.5
1447,2026-01-01T00:00:00,6.5,6.5
1447,2026-01-31T00:00:00,7.5,6.5
1448,2026-01-01T00:00:00,6.5,6.5
1448,2026-01-31T00:00:00,7.5,6.5
1449,2026-01-01T00:00:00,6.5,6.5
1449,2026-01-31T00:00:00,7.5,6.5
1450,2026-01-01T00:00:00,6.5,6.5
1450,2026-01-31T00:00:00,7.5,6.5
1451,2026-01-01T00:00:00,6.5,6.5
1451,2026-01-31T00:00:00,7.5,6.5
1452,2026-01-01T00:00:00,6.5,6.5
1452,2026-01-31T00:00:00,7.5,6.5
1453,2026-01-01T00:00:00,6.5,6.5
1453,2026-01-31T00:00:00,7.5,6.5
1454,2026-01-01T00:00:00,6.5,6.5
1454,2026-01-31T00:00:00,7.5,6.5
1455,2026-01-01T00:00:00,6.5,6.5
1455,2026-01-31T00:00:00,7.5,6.5
1456,2026-01-01T00:00:00,6.5,6.5
1456,2026-01-31T00:00:00,7.5,6.5
1457,2026-01-01T00:00:00,6.5,6.5
1457,2026-01-31T00:00:00,7.5,6.5
1458,2026-01-01T00:00:00,6.5,6.5
1458,2026-01-31T00:00:00,7.5,6.5
1459,2026-01-01T00:00:00,6.5,6.5
1459,2026-01-31T00:00:00,7.5,6.5
1460,2026-01-01T00:00:00,7.5,6.5
1460,2026-01-31T00:00:00,7.5,6.5
1461,2026-01-01T00:00:00,7.5,6.5
1461,2026-01-31T00:00:00,7.5,6.5
1462,2026-01-01T00:00:00,7.5,6.5
1462,2026-01-31T00:00:00,7.5,6.5
1463,2026-01-01T00:00:00,7.5,6.5
1463,2026-01-31T00:00:00,7.5,6.5
1464,2026-01-01T00:00:00,7.5,6.5
1464,2026-01-31T00:00:00,7.5,6.5
1465,2026-01-01T00:00:00,7.5,6.5
1465,2026-01-31T00:00:00,7.5,6.5
1466,2026-01-01T00:00:00,7.5,6.5
1466,2026-01-31T00:00:00,7.5,6.5
1467,2026-01-01T00:00:00,7.5,6.5
1467,2026-01-31T00:00:00,8.5,6.5
1468,2026-01-01T00:00:00,7.5,6.5
1468,2026-01-31T00:00:00,8.5,6.5
1469,2026-01-01T00:00:00,7.5,6.5
1469,2026-01-31T00:00:00,8.5,6.5
1470,2026-01-01T00:00:00,7.5,6.5
1470,2026-01-31T00:00:00,8.5,6.5
1471,2026-01-01T00:00:00,7.5,6.5
1471,2026-01-31T00:00:00,8.5,6.5
1472,2026-01-01T00:00:00,7.5,6.5
1472,2026-01-31T00:00:00,8.5,6.5
1473,2026-01-01T00:00:00,7.5,6.5
1473,2026-01-31T00:00:00,8.5,6.5
1474,2026-01-01T00:00:00,7.5,6.5
1474,2026-01-31T00:00:00,8.5,6.5
1475,2026-01-01T00:00:00,7.5,6.5
1475,2026-01-31T00:00:00,8.5,6.5
1476,2026-01-01T00:00:00,7.5,6.5
1476,2026-01-31T00:00:00,8.5,6.5
1477,2026-01-01T00:00:00,7.5,6.5
1477,2026-01-31T00:00:00,8.5,6.5
1478,2026-01-01T00:00:00,7.5,6.5
1478,2026-01-31T00:00:00,8.5,6.5
1479,2026-01-01T00:00:00,7.5,6.5
1479,2026-01-31T00:00:00,8.5,6.5
1480,2026-01-01T00:00:00,8.5,6.5
1480,2026-01-31T00:00:00,8.5,6.5
1481,2026-01-01T00:00:00,8.5,6.5
1481,2026-01-31T00:00:00,8.5,6.5
1482,2026-01-01T00:00:00,8.5,6.5
1482,2026-01-31T00:00:00,8.5,6.5
1483,2026-01-01T00:00:00,8.5,6.5
1483,2026-01-31T00:00:00,8.5,6.5
1484,2026-01-01T00:00:00,8.5,6.5
1484,2026-01-31T00:00:00,8.5,6.5
1485,2026-01-01T00:00:00,8.5,6.5
1485,2026-01-31T00:00:00,8.5,6.5
1486,2026-01-01T00:00:00,8.5,6.5
1486,2026-01-31T00:00:00,8.5,6.5
1487,2026-01-01T00:00:00,8.5,6.5
1487,2026-01-31T00:00:00,9.5,6.5
1488,2026-01-01T00:00:00,8.5,6.5
1488,2026-01-31T00:00:00,9.5,6.5
1489,2026-01-01T00:00:00,8.5,6.5
1489,2026-01-31T00:00:00,9.5,6.5
1490,2026-01-01T00:00:00,8.5,6.5
1490,2026-01-31T00:00:00,9.5,6.5
1491,2026-01-01T00:00:00,8.5,6.5
1491,2026-01-31T00:00:00,9.5,6.5
1492,2026-01-01T00:00:00,8.5,6.5
1492,2026-01-31T00:00:00,9.5,6.5
1493,2026-01-01T00:00:00,8.5,6.5
1493,2026-01-31T00:00:00,9.5,6.5
1494,2026-01-01T00:00:00,8.5,6.5
1494,2026-01-31T00:00:00,9.5,6.5
1495,2026-01-01T00:00:00,8.5,6.5
1495,2026-01-31T00:00:00,9.5,6.5
1496,2026-01-01T00:00:00,8.5,6.5
1496,2026-01-31T00:00:00,9.5,6.5
1497,2026-01-01T00:00:00,8.5,6.5
1497,2026-01-31T00:00:00,9.5,6.5
1498,2026-01-01T00:00:00,8.5,6.5
1498,2026-01-31T00:00:00,9.5,6.5
1499,2026-01-01T00:00:00,8.5,6.5
1499,2026-01-31T00:00:00,9.5,6.5
1500,2026-01-01T00:00:00,9.5,6.5
1500,2026-01-31T00:00:00,9.5,6.5
1501,2026-01-01T00:00:00,9.5,6.5
1501,2026-01-31T00:00:00,9.5,6.5
1502,2026-01-01T00:00:00,9.5,6.5
1502,2026-01-31T00:00:00,9.5,6.5
1503,2026-01-01T00:00:00,9.5,6.5
1503,2026-01-31T00:00:00,9.5,6.5
1504,2026-01-01T00:00:00,9.5,6.5
1504,2026-01-31T00:00:00,9.5,6.5
1505,2026-01-01T00:00:00,9.5,6.5
1505,2026-01-31T00:00:00,9.5,6.5
1506,2026-01-01T00:00:00,9.5,6.5
1506,2026-01-31T00:00:00,9.5,6.5
1507,2026-01-01T00:00:00,9.5,6.5
1507,2026-01-31T00:00:00,10.5,6.5
1508,2026-01-01T00:00:00,9.5,6.5
1508,2026-01-31T00:00:00,10.5,6.5
1509,2026-01-01T00:00:00,9.5,6.5
1509,2026-01-31T00:00:00,10.5,6.5
1510,2026-01-01T00:00:00,9.5,6.5
1510,2026-01-31T00:00:00,10.5,6.5
1511,2026-01-01T00:00:00,9.5,6.5
1511,2026-01-31T00:00:00,10.5,6.5
1512,2026-01-01T00:00:00,9.5,6.5
1512,2026-01-31T00:00:00,10.5,6.5
1513,2026-01-01T00:00:00,9.5,6.5
1513,2026-01-31T00:00:00,10.5,6.5
1514,2026-01-01T00:00:00,9.5,6.5
1514,2026-01-31T00:00:00,10.5,6.5
1515,2026-01-01T00:00:00,9.5,6.5
1515,2026-01-31T00:00:00,10.5,6.5
1516,2026-01-01T00:00:00,9.5,6.5
1516,2026-01-31T00:00:00,10.5,6.5
1517,2026-01-01T00:00:00,9.5,6.5
1517,2026-01-31T00:00:00,10.5,6.5
1518,2026-01-01T00:00:00,9.5,6.5
1518,2026-01-31T00:00:00,10.5,6.5
1519,2026-01-01T00:00:00,9.5,6.5
1519,2026-01-31T00:00:00,10.5,6.5
1520,2026-01-01T00:00:00,10.5,6.5
1520,2026-01-31T00:00:00,10.5,6.5
1521,2026-01-01T00:00:00,10.5,6.5
1521,2026-01-31T00:00:00,10.5,6.5
1522,2026-01-01T00:00:00,10.5,6.5
1522,2026-01-31T00:00:00,10.5,6.5
1523,2026-01-01T00:00:00,10.5,6.5
1523,2026-01-31T00:00:00,10.5,6.5
1524,2026-01-01T00:00:00,10.5,6.5
1524,2026-01-31T00:00:00,10.5,6.5
1525,2026-01-01T00:00:00,10.5,6.5
1525,2026-01-31T00:00:00,10.5,6.5
1526,2026-01-01T00:00:00,10.5,6.5
1526,2026-01-31T00:00:00,10.5,6.5
1527,2026-01-01T00:00:00,10.5,6.5
1527,2026-01-31T00:00:00,9.5,6.5
1528,2026-01-01T00:00:00,10.5,6.5
1528,2026-01-31T00:00:00,9.5,6.5
1529,2026-01-01T00:00:00,10.5,6.5
1529,2026-01-31T00:00:00,9.5,6.5
1530,2026-01-01T00:00:00,10.5,6.5
1530,2026-01-31T00:00:00,9.5,6.5
1531,2026-01-01T00:00:00,10.5,6.5
1531,2026-01-31T00:00:00,9.5,6.5
1532,2026-01-01T00:00:00,10.5,6.5
1532,2026-01-31T00:00:00,9.5,6.5
1533,2026-01-01T00:00:00,10.5,6.5
1533,2026-01-31T00:00:00,9.5,6.5
1534,2026-01-01T00:00:00,10.5,6.5
1534,2026-01-31T00:00:00,9.5,6.5
1535,2026-01-01T00:00:00,10.5,6.5
1535,2026-01-31T00:00:00,9.5,6.5
1536,2026-01-01T00:00:00,10.5,6.5
1536,2026-01-31T00:00:00,9.5,6.5
1537,2026-01-01T00:00:00,10.5,6.5
1537,2026-01-31T00:00:00,9.5,6.5
1538,2026-01-01T00:00:00,10.5,6.5
1538,2026-01-31T00:00:00,9.5,6.5
1539,2026-01-01T00:00:00,10.5,6.5
1539,2026-01-31T00:00:00,9.5,6.5
1540,2026-01-01T00:00:00,0.5,7.5
1540,2026-01-31T00:00:00,0.5,7.5
1541,2026-01-01T00:00:00,0.5,7.5
1541,2026-01-31T00:00:00,0.5,7.5
1542,2026-01-01T00:00:00,0.5,7.5
1542,2026-01-31T00:00:00,0.5,7.5
1543,2026-01-01T00:00:00,0.5,7.5
1543,2026-01-31T00:00:00,0.5,7.5
1544,2026-01-01T00:00:00,0.5,7.5
1544,2026-01-31T00:00:00,0.5,7.5
1545,2026-01-01T00:00:00,0.5,7.5
1545,2026-01-31T00:00:00,0.5,7.5
1546,2026-01-01T00:00:00,0.5,7.5
1546,2026-01-31T00:00:00,0.5,7.5
1547,2026-01-01T00:00:00,0.5,7.5
1547,2026-01-31T00:00:00,0.5,7.5
1548,2026-01-01T00:00:00,0.5,7.5
1548,2026-01-31T00:00:00,0.5,7.5
1549,2026-01-01T00:00:00,0.5,7.5
1549,2026-01-31T00:00:00,0.5,7.5
1550,2026-01-01T00:00:00,0.5,7.5
1550,2026-01-31T00:00:00,0.5,7.5
1551,2026-01-01T00:00:00,0.5,7.5
1551,2026-01-31T00:00:00,0.5,7.5
1552,2026-01-01T00:00:00,0.5,7.5
1552,2026-01-31T00:00:00,1.5,7.5
1553,2026-01-01T00:00:00,0.5,7.5
1553,2026-01-31T00:00:00,1.5,7.5
1554,2026-01-01T00:00:00,0.5,7.5
1554,2026-01-31T00:00:00,1.5,7.5
1555,2026-01-01T00:00:00,0.5,7.5
1555,2026-01-31T00:00:00,1.5,7.5
1556,2026-01-01T00:00:00,0.5,7.5
1556,2026-01-31T00:00:00,1.5,7.5
1557,2026-01-01T00:00:00,0.5,7.5
1557,2026-01-31T00:00:00,1.5,7.5
1558,2026-01-01T00:00:00,0.5,7.5
1558,2026-01-31T00:00:00,1.5,7.5
1559,2026-01-01T00:00:00,0.5,7.5
1559,2026-01-31T00:00:00,1.5,7.5
1560,2026-01-01T00:00:00,1.5,7.5
1560,2026-01-31T00:00:00,1.5,7.5
1561,2026-01-01T00:00:00,1.5,7.5
1561,2026-01-31T00:00:00,1.5,7.5
1562,2026-01-01T00:00:00,1.5,7.5
1562,2026-01-31T00:00:00,1.5,7.5
1563,2026-01-01T00:00:00,1.5,7.5
1563,2026-01-31T00:00:00,1.5,7.5
1564,2026-01-01T00:00:00,1.5,7.5
1564,2026-01-31T00:00:00,1.5,7.5
1565,2026-01-01T00:00:00,1.5,7.5
1565,2026-01-31T00:00:00,1.5,7.5
1566,2026-01-01T00:00:00,1.5,7.5
1566,2026-01-31T00:00:00,1.5,7.5
1567,2026-01-01T00:00:00,1.5,7.5
1567,2026-01-31T00:00:00,1.5,7.5
1568,2026-01-01T00:00:00,1.5,7.5
1568,2026-01-31T00:00:00,1.5,7.5
1569,2026-01-01T00:00:00,1.5,7.5
1569,2026-01-31T00:00:00,1.5,7.5
1570,2026-01-01T00:00:00,1.5,7.5
1570,2026-01-31T00:00:00,1.5,7.5
1571,2026-01-01T00:00:00,1.5,7.5
1571,2026-01-31T00:00:00,1.5,7.5
1572,2026-01-01T00:00:00,1.5,7.5
1572,2026-01-31T00:00:00,2.5,7.5
1573,2026-01-01T00:00:00,1.5,7.5
1573,2026-01-31T00:00:00,2.5,7.5
1574,2026-01-01T00:00:00,1.5,7.5
1574,2026-01-31T00:00:00,2.5,7.5
1575,2026-01-01T00:00:00,1.5,7.5
1575,2026-01-31T00:00:00,2.5,7.5
1576,2026-01-01T00:00:00,1.5,7.5
1576,2026-01-31T00:00:00,2.5,7.5
1577,2026-01-01T00:00:00,1.5,7.5
1577,2026-01-31T00:00:00,2.5,7.5
1578,2026-01-01T00:00:00,1.5,7.5
1578,2026-01-31T00:00:00,2.5,7.5
1579,2026-01-01T00:00:00,1.5,7.5
1579,2026-01-31T00:00:00,2.5,7.5
1580,2026-01-01T00:00:00,2.5,7.5
1580,2026-01-31T00:00:00,2.5,7.5
1581,2026-01-01T00:00:00,2.5,7.5
1581,2026-01-31T00:00:00,2.5,7.5
1582,2026-01-01T00:00:00,2.5,7.5
1582,2026-01-31T00:00:00,2.5,7.5
1583,2026-01-01T00:00:00,2.5,7.5
1583,2026-01-31T00:00:00,2.5,7.5
1584,2026-01-01T00:00:00,2.5,7.5
1584,2026-01-31T00:00:00,2.5,7.5
1585,2026-01-01T00:00:00,2.5,7.5
1585,2026-01-31T00:00:00,2.5,7.5
1586,2026-01-01T00:00:00,2.5,7.5
1586,2026-01-31T00:00:00,2.5,7.5
1587,2026-01-01T00:00:00,2.5,7.5
1587,2026-01-31T00:00:00,2.5,7.5
1588,2026-01-01T00:00:00,2.5,7.5
1588,2026-01-31T00:00:00,2.5,7.5
1589,2026-01-01T00:00:00,2.5,7.5
1589,2026-01-31T00:00:00,2.5,7.5
1590,2026-01-01T00:00:00,2.5,7.5
1590,2026-01-31T00:00:00,2.5,7.5
1591,2026-01-01T00:00:00,2.5,7.5
1591,2026-01-31T00:00:00,2.5,7.5
1592,2026-01-01T00:00:00,2.5,7.5
1592,2026-01-31T00:00:00,3.5,7.5
1593,2026-01-01T00:00:00,2.5,7.5
1593,2026-01-31T00:00:00,3.5,7.5
1594,2026-01-01T00:00:00,2.5,7.5
1594,2026-01-31T00:00:00,3.5,7.5
1595,2026-01-01T00:00:00,2.5,7.5
1595,2026-01-31T00:00:00,3.5,7.5
1596,2026-01-01T00:00:00,2.5,7.5
1596,2026-01-31T00:00:00,3.5,7.5
1597,2026-01-01T00:00:00,2.5,7.5
1597,2026-01-31T00:00:00,3.5,7.5
1598,2026-01-01T00:00:00,2.5,7.5
1598,2026-01-31T00:00:00,3.5,7.5
1599,2026-01-01T00:00:00,2.5,7.5
1599,2026-01-31T00:00:00,3.5,7.5
1600,2026-01-01T00:00:00,3.5,7.5
1600,2026-01-31T00:00:00,3.5,7.5
1601,2026-01-01T00:00:00,3.5,7.5
1601,2026-01-31T00:00:00,3.5,7.5
1602,2026-01-01T00:00:00,3.5,7.5
1602,2026-01-31T00:00:00,3.5,7.5
1603,2026-01-01T00:00:00,3.5,7.5
1603,2026-01-31T00:00:00,3.5,7.5
1604,2026-01-01T00:00:00,3.5,7.5
1604,2026-01-31T00:00:00,3.5,7.5
1605,2026-01-01T00:00:00,3.5,7.5
1605,2026-01-31T00:00:00,3.5,7.5
1606,2026-01-01T00:00:00,3.5,7.5
1606,2026-01-31T00:00:00,3.5,7.5
1607,2026-01-01T00:00:00,3.5,7.5
1607,2026-01-31T00:00:00,3.5,7.5
1608,2026-01-01T00:00:00,3.5,7.5
1608,2026-01-31T00:00:00,3.5,7.5
1609,2026-01-01T00:00:00,3.5,7.5
1609,2026-01-31T00:00:00,3.5,7.5
1610,2026-01-01T00:00:00,3.5,7.5
1610,2026-01-31T00:00:00,3.5,7.5
1611,2026-01-01T00:00:00,3.5,7.5
1611,2026-01-31T00:00:00,3.5,7.5
1612,2026-01-01T00:00:00,3.5,7.5
1612,2026-01-31T00:00:00,4.5,7.5
1613,2026-01-01T00:00:00,3.5,7.5
1613,2026-01-31T00:00:00,4.5,7.5
1614,2026-01-01T00:00:00,3.5,7.5
1614,2026-01-31T00:00:00,4.5,7.5
1615,2026-01-01T00:00:00,3.5,7.5
1615,2026-01-31T00:00:00,4.5,7.5
1616,2026-01-01T00:00:00,3.5,7.5
1616,2026-01-31T00:00:00,4.5,7.5
1617,2026-01-01T00:00:00,3.5,7.5
1617,2026-01-31T00:00:00,4.5,7.5
1618,2026-01-01T00:00:00,3.5,7.5
1618,2026-01-31T00:00:00,4.5,7.5
1619,2026-01-01T00:00:00,3.5,7.5
1619,2026-01-31T00:00:00,4.5,7.5
1620,2026-01-01T00:00:00,4.5,7.5
1620,2026-01-31T00:00:00,4.5,7.5
1621,2026-01-01T00:00:00,4.5,7.5
1621,2026-01-31T00:00:00,4.5,7.5
1622,2026-01-01T00:00:00,4.5,7.5
1622,2026-01-31T00:00:00,4.5,7.5
1623,2026-01-01T00:00:00,4.5,7.5
1623,2026-01-31T00:00:00,4.5,7.5
1624,2026-01-01T00:00:00,4.5,7.5
1624,2026-01-31T00:00:00,4.5,7.5
1625,2026-01-01T00:00:00,4.5,7.5
1625,2026-01-31T00:00:00,4.5,7.5
1626,2026-01-01T00:00:00,4.5,7.5
1626,2026-01-31T00:00:00,4.5,7.5
1627,2026-01-01T00:00:00,4.5,7.5
1627,2026-01-31T00:00:00,4.5,7.5
1628,2026-01-01T00:00:00,4.5,7.5
1628,2026-01-31T00:00:00,4.5,7.5
1629,2026-01-01T00:00:00,4.5,7.5
1629,2026-01-31T00:00:00,4.5,7.5
1630,2026-01-01T00:00:00,4.5,7.5
1630,2026-01-31T00:00:00,4.5,7.5
1631,2026-01-01T00:00:00,4.5,7.5
1631,2026-01-31T00:00:00,4.5,7.5
1632,2026-01-01T00:00:00,4.5,7.5
1632,2026-01-31T00:00:00,5.5,7.5
1633,2026-01-01T00:00:00,4.5,7.5
1633,2026-01-31T00:00:00,5.5,7.5
1634,2026-01-01T00:00:00,4.5,7.5
1634,2026-01-31T00:00:00,5.5,7.5
1635,2026-01-01T00:00:00,4.5,7.5
1635,2026-01-31T00:00:00,5.5,7.5
1636,2026-01-01T00:00:00,4.5,7.5
1636,2026-01-31T00:00:00,5.5,7.5
1637,2026-01-01T00:00:00,4.5,7.5
1637,2026-01-31T00:00:00,5.5,7.5
1638,2026-01-01T00:00:00,4.5,7.5
1638,2026-01-31T00:00:00,5.5,7.5
1639,2026-01-01T00:00:00,4.5,7.5
1639,2026-01-31T00:00:00,5.5,7.5
1640,2026-01-01T00:00:00,5.5,7.5
1640,2026-01-31T00:00:00,5.5,7.5
1641,2026-01-01T00:00:00,5.5,7.5
1641,2026-01-31T00:00:00,5.5,7.5
1642,2026-01-01T00:00:00,5.5,7.5
1642,2026-01-31T00:00:00,5.5,7.5
1643,2026-01-01T00:00:00,5.5,7.5
1643,2026-01-31T00:00:00,5.5,7.5
1644,2026-01-01T00:00:00,5.5,7.5
1644,2026-01-31T00:00:00,5.5,7.5
1645,2026-01-01T00:00:00,5.5,7.5
1645,2026-01-31T00:00:00,5.5,7.5
1646,2026-01-01T00:00:00,5.5,7.5
1646,2026-01-31T00:00:00,5.5,7.5
1647,2026-01-01T00:00:00,5.5,7.5
1647,2026-01-31T00:00:00,5.5,7.5
1648,2026-01-01T00:00:00,5.5,7.5
1648,2026-01-31T00:00:00,5.5,7.5
1649,2026-01-01T00:00:00,5.5,7.5
1649,2026-01-31T00:00:00,5.5,7.5
1650,2026-01-01T00:00:00,5.5,7.5
1650,2026-01-31T00:00:00,5.5,7.5
1651,2026-01-01T00:00:00,5.5,7.5
1651,2026-01-31T00:00:00,5.5,7.5
1652,2026-01-01T00:00:00,5.5,7.5
1652,2026-01-31T00:00:00,6.5,7.5
1653,2026-01-01T00:00:00,5.5,7.5
1653,2026-01-31T00:00:00,6.5,7.5
1654,2026-01-01T00:00:00,5.5,7.5
1654,2026-01-31T00:00:00,6.5,7.5
1655,2026-01-01T00:00:00,5.5,7.5
1655,2026-01-31T00:00:00,6.5,7.5
1656,2026-01-01T00:00:00,5.5,7.5
1656,2026-01-31T00:00:00,6.5,7.5
1657,2026-01-01T00:00:00,5.5,7.5
1657,2026-01-31T00:00:00,6.5,7.5
1658,2026-01-01T00:00:00,5.5,7.5
1658,2026-01-31T00:00:00,6.5,7.5
1659,2026-01-01T00:00:00,5.5,7.5
1659,2026-01-31T00:00:00,6.5,7.5
1660,2026-01-01T00:00:00,6.5,7.5
1660,2026-01-31T00:00:00,6.5,7.5
1661,2026-01-01T00:00:00,6.5,7.5
1661,2026-01-31T00:00:00,6.5,7.5
1662,2026-01-01T00:00:00,6.5,7.5
1662,2026-01-31T00:00:00,6.5,7.5
1663,2026-01-01T00:00:00,6.5,7.5
1663,2026-01-31T00:00:00,6.5,7.5
1664,2026-01-01T00:00:00,6.5,7.5
1664,2026-01-31T00:00:00,6.5,7.5
1665,2026-01-01T00:00:00,6.5,7.5
1665,2026-01-31T00:00:00,6.5,7.5
1666,2026-01-01T00:00:00,6.5,7.5
1666,2026-01-31T00:00:00,6.5,7.5
1667,2026-01-01T00:00:00,6.5,7.5
1667,2026-01-31T00:00:00,6.5,7.5
1668,2026-01-01T00:00:00,6.5,7.5
1668,2026-01-31T00:00:00,6.5,7.5
1669,2026-01-01T00:00:00,6.5,7.5
1669,2026-01-31T00:00:00,6.5,7.5
1670,2026-01-01T00:00:00,6.5,7.5
1670,2026-01-31T00:00:00,6.5,7.5
1671,2026-01-01T00:00:00,6.5,7.5
1671,2026-01-31T00:00:00,6.5,7.5
1672,2026-01-01T00:00:00,6.5,7.5
1672,2026-01-31T00:00:00,7.5,7.5
1673,2026-01-01T00:00:00,6.5,7.5
1673,2026-01-31T00:00:00,7.5,7.5
1674,2026-01-01T00:00:00,6.5,7.5
1674,2026-01-31T00:00:00,7.5,7.5
1675,2026-01-01T00:00:00,6.5,7.5
1675,2026-01-31T00:00:00,7.5,7.5
1676,2026-01-01T00:00:00,6.5,7.5
1676,2026-01-31T00:00:00,7.5,7.5
1677,2026-01-01T00:00:00,6.5,7.5
1677,2026-01-31T00:00:00,7.5,7.5
1678,2026-01-01T00:00:00,6.5,7.5
1678,2026-01-31T00:00:00,7.5,7.5
1679,2026-01-01T00:00:00,6.5,7.5
1679,2026-01-31T00:00:00,7.5,7.5
1680,2026-01-01T00:00:00,7.5,7.5
1680,2026-01-31T00:00:00,7.5,7.5
1681,2026-01-01T00:00:00,7.5,7.5
1681,2026-01-31T00:00:00,7.5,7.5
1682,2026-01-01T00:00:00,7.5,7.5
1682,2026-01-31T00:00:00,7.5,7.5
1683,2026-01-01T00:00:00,7.5,7.5
1683,2026-01-31T00:00:00,7.5,7.5
1684,2026-01-01T00:00:00,7.5,7.5
1684,2026-01-31T00:00:00,7.5,7.5
1685,2026-01-01T00:00:00,7.5,7.5
1685,2026-01-31T00:00:00,7.5,7.5
1686,2026-01-01T00:00:00,7.5,7.5
1686,2026-01-31T00:00:00,7.5,7.5
1687,2026-01-01T00:00:00,7.5,7.5
1687,2026-01-31T00:00:00,7.5,7.5
1688,2026-01-01T00:00:00,7.5,7.5
1688,2026-01-31T00:00:00,7.5,7.5
1689,2026-01-01T00:00:00,7.5,7.5
1689,2026-01-31T00:00:00,7.5,7.5
1690,2026-01-01T00:00:00,7.5,7.5
1690,2026-01-31T00:00:00,7.5,7.5
1691,2026-01-01T00:00:00,7.5,7.5
1691,2026-01-31T00:00:00,7.5,7.5
1692,2026-01-01T00:00:00,7.5,7.5
1692,2026-01-31T00:00:00,8.5,7.5
1693,2026-01-01T00:00:00,7.5,7.5
1693,2026-01-31T00:00:00,8.5,7.5
1694,2026-01-01T00:00:00,7.5,7.5
1694,2026-01-31T00:00:00,8.5,7.5
1695,2026-01-01T00:00:00,7.5,7.5
1695,2026-01-31T00:00:00,8.5,7.5
1696,2026-01-01T00:00:00,7.5,7.5
1696,2026-01-31T00:00:00,8.5,7.5
1697,2026-01-01T00:00:00,7.5,7.5
1697,2026-01-31T00:00:00,8.5,7.5
1698,2026-01-01T00:00:00,7.5,7.5
1698,2026-01-31T00:00:00,8.5,7.5
1699,2026-01-01T00:00:00,7.5,7.5
1699,2026-01-31T00:00:00,8.5,7.5
1700,2026-01-01T00:00:00,8.5,7.5
1700,2026-01-31T00:00:00,8.5,7.5
1701,2026-01-01T00:00:00,8.5,7.5
1701,2026-01-31T00:00:00,8.5,7.5
1702,2026-01-01T00:00:00,8.5,7.5
1702,2026-01-31T00:00:00,8.5,7.5
1703,2026-01-01T00:00:00,8.5,7.5
1703,2026-01-31T00:00:00,8.5,7.5
1704,2026-01-01T00:00:00,8.5,7.5
1704,2026-01-31T00:00:00,8.5,7.5
1705,2026-01-01T00:00:00,8.5,7.5
1705,2026-01-31T00:00:00,8.5,7.5
1706,2026-01-01T00:00:00,8.5,7.5
1706,2026-01-31T00:00:00,8.5,7.5
1707,2026-01-01T00:00:00,8.5,7.5
1707,2026-01-31T00:00:00,8.5,7.5
1708,2026-01-01T00:00:00,8.5,7.5
1708,2026-01-31T00:00:00,8.5,7.5
1709,2026-01-01T00:00:00,8.5,7.5
1709,2026-01-31T00:00:00,8.5,7.5
1710,2026-01-01T00:00:00,8.5,7.5
1710,2026-01-31T00:00:00,8.5,7.5
1711,2026-01-01T00:00:00,8.5,7.5
1711,2026-01-31T00:00:00,8.5,7.5
1712,2026-01-01T00:00:00,8.5,7.5
1712,2026-01-31T00:00:00,9.5,7.5
1713,2026-01-01T00:00:00,8.5,7.5
1713,2026-01-31T00:00:00,9.5,7.5
1714,2026-01-01T00:00:00,8.5,7.5
1714,2026-01-31T00:00:00,9.5,7.5
1715,2026-01-01T00:00:00,8.5,7.5
1715,2026-01-31T00:00:00,9.5,7.5
1716,2026-01-01T00:00:00,8.5,7.5
1716,2026-01-31T00:00:00,9.5,7.5
1717,2026-01-01T00:00:00,8.5,7.5
1717,2026-01-31T00:00:00,9.5,7.5
1718,2026-01-01T00:00:00,8.5,7.5
1718,2026-01-31T00:00:00,9.5,7.5
1719,2026-01-01T00:00:00,8.5,7.5
1719,2026-01-31T00:00:00,9.5,7.5
1720,2026-01-01T00:00:00,9.5,7.5
1720,2026-01-31T00:00:00,9.5,7.5
1721,2026-01-01T00:00:00,9.5,7.5
1721,2026-01-31T00:00:00,9.5,7.5
1722,2026-01-01T00:00:00,9.5,7.5
1722,2026-01-31T00:00:00,9.5,7.5
1723,2026-01-01T00:00:00,9.5,7.5
1723,2026-01-31T00:00:00,9.5,7.5
1724,2026-01-01T00:00:00,9.5,7.5
1724,2026-01-31T00:00:00,9.5,7.5
1725,2026-01-01T00:00:00,9.5,7.5
1725,2026-01-31T00:00:00,9.5,7.5
1726,2026-01-01T00:00:00,9.5,7.5
1726,2026-01-31T00:00:00,9.5,7.5
1727,2026-01-01T00:00:00,9.5,7.5
1727,2026-01-31T00:00:00,9.5,7.5
1728,2026-01-01T00:00:00,9.5,7.5
1728,2026-01-31T00:00:00,9.5,7.5
1729,2026-01-01T00:00:00,9.5,7.5
1729,2026-01-31T00:00:00,9.5,7.5
1730,2026-01-01T00:00:00,9.5,7.5
1730,2026-01-31T00:00:00,9.5,7.5
1731,2026-01-01T00:00:00,9.5,7.5
1731,2026-01-31T00:00:00,9.5,7.5
1732,2026-01-01T00:00:00,9.5,7.5
1732,2026-01-31T00:00:00,10.5,7.5
1733,2026-01-01T00:00:00,9.5,7.5
1733,2026-01-31T00:00:00,10.5,7.5
1734,2026-01-01T00:00:00,9.5,7.5
1734,2026-01-31T00:00:00,10.5,7.5
1735,2026-01-01T00:00:00,9.5,7.5
1735,2026-01-31T00:00:00,10.5,7.5
1736,2026-01-01T00:00:00,9.5,7.5
1736,2026-01-31T00:00:00,10.5,7.5
1737,2026-01-01T00:00:00,9.5,7.5
1737,2026-01-31T00:00:00,10.5,7.5
1738,2026-01-01T00:00:00,9.5,7.5
1738,2026-01-31T00:00:00,10.5,7.5
1739,2026-01-01T00:00:00,9.5,7.5
1739,2026-01-31T00:00:00,10.5,7.5
1740,2026-01-01T00:00:00,10.5,7.5
1740,2026-01-31T00:00:00,10.5,7.5
1741,2026-01-01T00:00:00,10.5,7.5
1741,2026-01-31T00:00:00,10.5,7.5
1742,2026-01-01T00:00:00,10.5,7.5
1742,2026-01-31T00:00:00,10.5,7.5
1743,2026-01-01T00:00:00,10.5,7.5
1743,2026-01-31T00:00:00,10.5,7.5
1744,2026-01-01T00:00:00,10.5,7.5
1744,2026-01-31T00:00:00,10.5,7.5
1745,2026-01-01T00:00:00,10.5,7.5
1745,2026-01-31T00:00:00,10.5,7.5
1746,2026-01-01T00:00:00,10.5,7.5
1746,2026-01-31T00:00:00,10.5,7.5
1747,2026-01-01T00:00:00,10.5,7.5
1747,2026-01-31T00:00:00,10.5,7.5
1748,2026-01-01T00:00:00,10.5,7.5
1748,2026-01-31T00:00:00,10.5,7.5
1749,2026-01-01T00:00:00,10.5,7.5
1749,2026-01-31T00:00:00,10.5,7.5
1750,2026-01-01T00:00:00,10.5,7.5
1750,2026-01-31T00:00:00,10.5,7.5
1751,2026-01-01T00:00:00,10.5,7.5
1751,2026-01-31T00:00:00,10.5,7.5
1752,2026-01-01T00:00:00,10.5,7.5
1752,2026-01-31T00:00:00,9.5,7.5
1753,2026-01-01T00:00:00,10.5,7.5
1753,2026-01-31T00:00:00,9.5,7.5
1754,2026-01-01T00:00:00,10.5,7.5
1754,2026-01-31T00:00:00,9.5,7.5
1755,2026-01-01T00:00:00,10.5,7.5
1755,2026-01-31T00:00:00,9.5,7.5
1756,2026-01-01T00:00:00,10.5,7.5
1756,2026-01-31T00:00:00,9.5,7.5
1757,2026-01-01T00:00:00,10.5,7.5
1757,2026-01-31T00:00:00,9.5,7.5
1758,2026-01-01T00:00:00,10.5,7.5
1758,2026-01-31T00:00:00,9.5,7.5
1759,2026-01-01T00:00:00,10.5,7.5
1759,2026-01-31T00:00:00,9.5,7.5
1760,2026-01-01T00:00:00,0.5,8.5
1760,2026-01-31T00:00:00,0.5,8.5
1761,2026-01-01T00:00:00,0.5,8.5
1761,2026-01-31T00:00:00,0.5,8.5
1762,2026-01-01T00:00:00,0.5,8.5
1762,2026-01-31T00:00:00,0.5,8.5
1763,2026-01-01T00:00:00,0.5,8.5
1763,2026-01-31T00:00:00,0.5,8.5
1764,2026-01-01T00:00:00,0.5,8.5
1764,2026-01-31T00:00:00,0.5,8.5
1765,2026-01-01T00:00:00,0.5,8.5
1765,2026-01-31T00:00:00,0.5,8.5
1766,2026-01-01T00:00:00,0.5,8.5
1766,2026-01-31T00:00:00,0.5,8.5
1767,2026-01-01T00:00:00,0.5,8.5
1767,2026-01-31T00:00:00,0.5,8.5
1768,2026-01-01T00:00:00,0.5,8.5
1768,2026-01-31T00:00:00,0.5,8.5
1769,2026-01-01T00:00:00,0.5,8.5
1769,2026-01-31T00:00:00,0.5,8.5
1770,2026-01-01T00:00:00,0.5,8.5
1770,2026-01-31T00:00:00,0.5,8.5
1771,2026-01-01T00:00:00,0.5,8.5
1771,2026-01-31T00:00:00,0.5,8.5
1772,2026-01-01T00:00:00,0.5,8.5
1772,2026-01-31T00:00:00,0.5,8.5
1773,2026-01-01T00:00:00,0.5,8.5
1773,2026-01-31T00:00:00,0.5,8.5
1774,2026-01-01T00:00:00,0.5,8.5
1774,2026-01-31T00:00:00,0.5,8.5
1775,2026-01-01T00:00:00,0.5,8.5
1775,2026-01-31T00:00:00,0.5,8.5
1776,2026-01-01T00:00:00,0.5,8.5
1776,2026-01-31T00:00:00,1.5,8.5
1777,2026-01-01T00:00:00,0.5,8.5
1777,2026-01-31T00:00:00,1.5,8.5
1778,2026-01-01T00:00:00,0.5,8.5
1778,2026-01-31T00:00:00,1.5,8.5
1779,2026-01-01T00:00:00,0.5,8.5
1779,2026-01-31T00:00:00,1.5,8.5
1780,2026-01-01T00:00:00,1.5,8.5
1780,2026-01-31T00:00:00,1.5,8.5
1781,2026-01-01T00:00:00,1.5,8.5
1781,2026-01-31T00:00:00,1.5,8.5
1782,2026-01-01T00:00:00,1.5,8.5
1782,2026-01-31T00:00:00,1.5,8.5
1783,2026-01-01T00:00:00,1.5,8.5
1783,2026-01-31T00:00:00,1.5,8.5
1784,2026-01-01T00:00:00,1.5,8.5
1784,2026-01-31T00:00:00,1.5,8.5
1785,2026-01-01T00:00:00,1.5,8.5
1785,2026-01-31T00:00:00,1.5,8.5
1786,2026-01-01T00:00:00,1.5,8.5
1786,2026-01-31T00:00:00,1.5,8.5
1787,2026-01-01T00:00:00,1.5,8.5
1787,2026-01-31T00:00:00,1.5,8.5
1788,2026-01-01T00:00:00,1.5,8.5
1788,2026-01-31T00:00:00,1.5,8.5
1789,2026-01-01T00:00:00,1.5,8.5
1789,2026-01-31T00:00:00,1.5,8.5
1790,2026-01-01T00:00:00,1.5,8.5
1790,2026-01-31T00:00:00,1.5,8.5
1791,2026-01-01T00:00:00,1.5,8.5
1791,2026-01-31T00:00:00,1.5,8.5
1792,2026-01-01T00:00:00,1.5,8.5
1792,2026-01-31T00:00:00,1.5,8.5
1793,2026-01-01T00:00:00,1.5,8.5
1793,2026-01-31T00:00:00,1.5,8.5
1794,2026-01-01T00:00:00,1.5,8.5
1794,2026-01-31T00:00:00,1.5,8.5
1795,2026-01-01T00:00:00,1.5,8.5
1795,2026-01-31T00:00:00,1.5,8.5
1796,2026-01-01T00:00:00,1.5,8.5
1796,2026-01-31T00:00:00,2.5,8.5
1797,2026-01-01T00:00:00,1.5,8.5
1797,2026-01-31T00:00:00,2.5,8.5
1798,2026-01-01T00:00:00,1.5,8.5
1798,2026-01-31T00:00:00,2.5,8.5
1799,2026-01-01T00:00:00,1.5,8.5
1799,2026-01-31T00:00:00,2.5,8.5
1800,2026-01-01T00:00:00,2.5,8.5
1800,2026-01-31T00:00:00,2.5,8.5
1801,2026-01-01T00:00:00,2.5,8.5
1801,2026-01-31T00:00:00,2.5,8.5
1802,2026-01-01T00:00:00,2.5,8.5
1802,2026-01-31T00:00:00,2.5,8.5
1803,2026-01-01T00:00:00,2.5,8.5
1803,2026-01-31T00:00:00,2.5,8.5
1804,2026-01-01T00:00:00,2.5,8.5
1804,2026-01-31T00:00:00,2.5,8.5
1805,2026-01-01T00:00:00,2.5,8.5
1805,2026-01-31T00:00:00,2.5,8.5
1806,2026-01-01T00:00:00,2.5,8.5
1806,2026-01-31T00:00:00,2.5,8.5
1807,2026-01-01T00:00:00,2.5,8.5
1807,2026-01-31T00:00:00,2.5,8.5
1808,2026-01-01T00:00:00,2.5,8.5
1808,2026-01-31T00:00:00,2.5,8.5
1809,2026-01-01T00:00:00,2.5,8.5
1809,2026-01-31T00:00:00,2.5,8.5
1810,2026-01-01T00:00:00,2.5,8.5
1810,2026-01-31T00:00:00,2.5,8.5
1811,2026-01-01T00:00:00,2.5,8.5
1811,2026-01-31T00:00:00,2.5,8.5
1812,2026-01-01T00:00:00,2.5,8.5
1812,2026-01-31T00:00:00,2.5,8.5
1813,2026-01-01T00:00:00,2.5,8.5
1813,2026-01-31T00:00:00,2.5,8.5
1814,2026-01-01T00:00:00,2.5,8.5
1814,2026-01-31T00:00:00,2.5,8.5
1815,2026-01-01T00:00:00,2.5,8.5
1815,2026-01-31T00:00:00,2.5,8.5
1816,2026-01-01T00:00:00,2.5,8.5
1816,2026-01-31T00:00:00,3.5,8.5
1817,2026-01-01T00:00:00,2.5,8.5
1817,2026-01-31T00:00:00,3.5,8.5
1818,2026-01-01T00:00:00,2.5,8.5
1818,2026-01-31T00:00:00,3.5,8.5
1819,2026-01-01T00:00:00,2.5,8.5
1819,2026-01-31T00:00:00,3.5,8.5
1820,2026-01-01T00:00:00,3.5,8.5
1820,2026-01-31T00:00:00,3.5,8.5
1821,2026-01-01T00:00:00,3.5,8.5
1821,2026-01-31T00:00:00,3.5,8.5
1822,2026-01-01T00:00:00,3.5,8.5
1822,2026-01-31T00:00:00,3.5,8.5
1823,2026-01-01T00:00:00,3.5,8.5
1823,2026-01-31T00:00:00,3.5,8.5
1824,2026-01-01T00:00:00,3.5,8.5
1824,2026-01-31T00:00:00,3.5,8.5
1825,2026-01-01T00:00:00,3.5,8.5
1825,2026-01-31T00:00:00,3.5,8.5
1826,2026-01-01T00:00:00,3.5,8.5
1826,2026-01-31T00:00:00,3.5,8.5
1827,2026-01-01T00:00:00,3.5,8.5
1827,2026-01-31T00:00:00,3.5,8.5
1828,2026-01-01T00:00:00,3.5,8.5
1828,2026-01-31T00:00:00,3.5,8.5
1829,2026-01-01T00:00:00,3.5,8.5
1829,2026-01-31T00:00:00,3.5,8.5
1830,2026-01-01T00:00:00,3.5,8.5
1830,2026-01-31T00:00:00,3.5,8.5
1831,2026-01-01T00:00:00,3.5,8.5
1831,2026-01-31T00:00:00,3.5,8.5
1832,2026-01-01T00:00:00,3.5,8.5
1832,2026-01-31T00:00:00,3.5,8.5
1833,2026-01-01T00:00:00,3.5,8.5
1833,2026-01-31T00:00:00,3.5,8.5
1834,2026-01-01T00:00:00,3.5,8.5
1834,2026-01-31T00:00:00,3.5,8.5
1835,2026-01-01T00:00:00,3.5,8.5
1835,2026-01-31T00:00:00,3.5,8.5
1836,2026-01-01T00:00:00,3.5,8.5
1836,2026-01-31T00:00:00,4.5,8.5
1837,2026-01-01T00:00:00,3.5,8.5
1837,2026-01-31T00:00:00,4.5,8.5
1838,2026-01-01T00:00:00,3.5,8.5
1838,2026-01-31T00:00:00,4.5,8.5
1839,2026-01-01T00:00:00,3.5,8.5
1839,2026-01-31T00:00:00,4.5,8.5
1840,2026-01-01T00:00:00,4.5,8.5
1840,2026-01-31T00:00:00,4.5,8.5
1841,2026-01-01T00:00:00,4.5,8.5
1841,2026-01-31T00:00:00,4.5,8.5
1842,2026-01-01T00:00:00,4.5,8.5
1842,2026-01-31T00:00:00,4.5,8.5
1843,2026-01-01T00:00:00,4.5,8.5
1843,2026-01-31T00:00:00,4.5,8.5
1844,2026-01-01T00:00:00,4.5,8.5
1844,2026-01-31T00:00:00,4.5,8.5
1845,2026-01-01T00:00:00,4.5,8.5
1845,2026-01-31T00:00:00,4.5,8.5
1846,2026-01-01T00:00:00,4.5,8.5
1846,2026-01-31T00:00:00,4.5,8.5
1847,2026-01-01T00:00:00,4.5,8.5
1847,2026-01-31T00:00:00,4.5,8.5
1848,2026-01-01T00:00:00,4.5,8.5
1848,2026-01-31T00:00:00,4.5,8.5
1849,2026-01-01T00:00:00,4.5,8.5
1849,2026-01-31T00:00:00,4.5,8.5
1850,2026-01-01T00:00:00,4.5,8.5
1850,2026-01-31T00:00:00,4.5,8.5
1851,2026-01-01T00:00:00,4.5,8.5
1851,2026-01-31T00:00:00,4.5,8.5
1852,2026-01-01T00:00:00,4.5,8.5
1852,2026-01-31T00:00:00,4.5,8.5
1853,2026-01-01T00:00:00,4.5,8.5
1853,2026-01-31T00:00:00,4.5,8.5
1854,2026-01-01T00:00:00,4.5,8.5
1854,2026-01-31T00:00:00,4.5,8.5
1855,2026-01-01T00:00:00,4.5,8.5
1855,2026-01-31T00:00:00,4.5,8.5
1856,2026-01-01T00:00:00,4.5,8.5
1856,2026-01-31T00:00:00,5.5,8.5
1857,2026-01-01T00:00:00,4.5,8.5
1857,2026-01-31T00:00:00,5.5,8.5
1858,2026-01-01T00:00:00,4.5,8.5
1858,2026-01-31T00:00:00,5.5,8.5
1859,2026-01-01T00:00:00,4.5,8.5
1859,2026-01-31T00:00:00,5.5,8.5
1860,2026-01-01T00:00:00,5.5,8.5
1860,2026-01-31T00:00:00,5.5,8.5
1861,2026-01-01T00:00:00,5.5,8.5
1861,2026-01-31T00:00:00,5.5,8.5
1862,2026-01-01T00:00:00,5.5,8.5
1862,2026-01-31T00:00:00,5.5,8.5
1863,2026-01-01T00:00:00,5.5,8.5
1863,2026-01-31T00:00:00,5.5,8.5
1864,2026-01-01T00:00:00,5.5,8.5
1864,2026-01-31T00:00:00,5.5,8.5
1865,2026-01-01T00:00:00,5.5,8.5
1865,2026-01-31T00:00:00,5.5,8.5
1866,2026-01-01T00:00:00,5.5,8.5
1866,2026-01-31T00:00:00,5.5,8.5
1867,2026-01-01T00:00:00,5.5,8.5
1867,2026-01-31T00:00:00,5.5,8.5
1868,2026-01-01T00:00:00,5.5,8.5
1868,2026-01-31T00:00:00,5.5,8.5
1869,2026-01-01T00:00:00,5.5,8.5
1869,2026-01-31T00:00:00,5.5,8.5
1870,2026-01-01T00:00:00,5.5,8.5
1870,2026-01-31T00:00:00,5.5,8.5
1871,2026-01-01T00:00:00,5.5,8.5
1871,2026-01-31T00:00:00,5.5,8.5
1872,2026-01-01T00:00:00,5.5,8.5
1872,2026-01-31T00:00:00,5.5,8.5
1873,2026-01-01T00:00:00,5.5,8.5
1873,2026-01-31T00:00:00,5.5,8.5
1874,2026-01-01T00:00:00,5.5,8.5
1874,2026-01-31T00:00:00,5.5,8.5
1875,2026-01-01T00:00:00,5.5,8.5
1875,2026-01-31T00:00:00,5.5,8.5
1876,2026-01-01T00:00:00,5.5,8.5
1876,2026-01-31T00:00:00,6.5,8.5
1877,2026-01-01T00:00:00,5.5,8.5
1877,2026-01-31T00:00:00,6.5,8.5
1878,2026-01-01T00:00:00,5.5,8.5
1878,2026-01-31T00:00:00,6.5,8.5
1879,2026-01-01T00:00:00,5.5,8.5
1879,2026-01-31T00:00:00,6.5,8.5
1880,2026-01-01T00:00:00,6.5,8.5
1880,2026-01-31T00:00:00,6.5,8.5
1881,2026-01-01T00:00:00,6.5,8.5
1881,2026-01-31T00:00:00,6.5,8.5
1882,2026-01-01T00:00:00,6.5,8.5
1882,2026-01-31T00:00:00,6.5,8.5
1883,2026-01-01T00:00:00,6.5,8.5
1883,2026-01-31T00:00:00,6.5,8.5
1884,2026-01-01T00:00:00,6.5,8.5
1884,2026-01-31T00:00:00,6.5,8.5
1885,2026-01-01T00:00:00,6.5,8.5
1885,2026-01-31T00:00:00,6.5,8.5
1886,2026-01-01T00:00:00,6.5,8.5
1886,2026-01-31T00:00:00,6.5,8.5
1887,2026-01-01T00:00:00,6.5,8.5
1887,2026-01-31T00:00:00,6.5,8.5
1888,2026-01-01T00:00:00,6.5,8.5
1888,2026-01-31T00:00:00,6.5,8.5
1889,2026-01-01T00:00:00,6.5,8.5
1889,2026-01-31T00:00:00,6.5,8.5
1890,2026-01-01T00:00:00,6.5,8.5
1890,2026-01-31T00:00:00,6.5,8.5
1891,2026-01-01T00:00:00,6.5,8.5
1891,2026-01-31T00:00:00,6.5,8.5
1892,2026-01-01T00:00:00,6.5,8.5
1892,2026-01-31T00:00:00,6.5,8.5
1893,2026-01-01T00:00:00,6.5,8.5
1893,2026-01-31T00:00:00,6.5,8.5
1894,2026-01-01T00:00:00,6.5,8.5
1894,2026-01-31T00:00:00,6.5,8.5
1895,2026-01-01T00:00:00,6.5,8.5
1895,2026-01-31T00:00:00,6.5,8.5
1896,2026-01-01T00:00:00,6.5,8.5
1896,2026-01-31T00:00:00,7.5,8.5
1897,2026-01-01T00:00:00,6.5,8.5
1897,2026-01-31T00:00:00,7.5,8.5
1898,2026-01-01T00:00:00,6.5,8.5
1898,2026-01-31T00:00:00,7.5,8.5
1899,2026-01-01T00:00:00,6.5,8.5
1899,2026-01-31T00:00:00,7.5,8.5
1900,2026-01-01T00:00:00,7.5,8.5
1900,2026-01-31T00:00:00,7.5,8.5
1901,2026-01-01T00:00:00,7.5,8.5
1901,2026-01-31T00:00:00,7.5,8.5
1902,2026-01-01T00:00:00,7.5,8.5
1902,2026-01-31T00:00:00,7.5,8.5
1903,2026-01-01T00:00:00,7.5,8.5
1903,2026-01-31T00:00:00,7.5,8.5
1904,2026-01-01T00:00:00,7.5,8.5
1904,2026-01-31T00:00:00,7.5,8.5
1905,2026-01-01T00:00:00,7.5,8.5
1905,2026-01-31T00:00:00,7.5,8.5
1906,2026-01-01T00:00:00,7.5,8.5
1906,2026-01-31T00:00:00,7.5,8.5
1907,2026-01-01T00:00:00,7.5,8.5
1907,2026-01-31T00:00:00,7.5,8.5
1908,2026-01-01T00:00:00,7.5,8.5
1908,2026-01-31T00:00:00,7.5,8.5
1909,2026-01-01T00:00:00,7.5,8.5
1909,2026-01-31T00:00:00,7.5,8.5
1910,2026-01-01T00:00:00,7.5,8.5
1910,2026-01-31T00:00:00,7.5,8.5
1911,2026-01-01T00:00:00,7.5,8.5
1911,2026-01-31T00:00:00,7.5,8.5
1912,2026-01-01T00:00:00,7.5,8.5
1912,2026-01-31T00:00:00,7.5,8.5
1913,2026-01-01T00:00:00,7.5,8.5
1913,2026-01-31T00:00:00,7.5,8.5
1914,2026-01-01T00:00:00,7.5,8.5
1914,2026-01-31T00:00:00,7.5,8.5
1915,2026-01-01T00:00:00,7.5,8.5
1915,2026-01-31T00:00:00,7.5,8.5
1916,2026-01-01T00:00:00,7.5,8.5
1916,2026-01-31T00:00:00,8.5,8.5
1917,2026-01-01T00:00:00,7.5,8.5
1917,2026-01-31T00:00:00,8.5,8.5
1918,2026-01-01T00:00:00,7.5,8.5
1918,2026-01-31T00:00:00,8.5,8.5
1919,2026-01-01T00:00:00,7.5,8.5
1919,2026-01-31T00:00:00,8.5,8.5
1920,2026-01-01T00:00:00,8.5,8.5
1920,2026-01-31T00:00:00,8.5,8.5
1921,2026-01-01T00:00:00,8.5,8.5
1921,2026-01-31T00:00:00,8.5,8.5
1922,2026-01-01T00:00:00,8.5,8.5
1922,2026-01-31T00:00:00,8.5,8.5
1923,2026-01-01T00:00:00,8.5,8.5
1923,2026-01-31T00:00:00,8.5,8.5
1924,2026-01-01T00:00:00,8.5,8.5
1924,2026-01-31T00:00:00,8.5,8.5
1925,2026-01-01T00:00:00,8.5,8.5
1925,2026-01-31T00:00:00,8.5,8.5
1926,2026-01-01T00:00:00,8.5,8.5
1926,2026-01-31T00:00:00,8.5,8.5
1927,2026-01-01T00:00:00,8.5,8.5
1927,2026-01-31T00:00:00,8.5,8.5
1928,2026-01-01T00:00:00,8.5,8.5
1928,2026-01-31T00:00:00,8.5,8.5
1929,2026-01-01T00:00:00,8.5,8.5
1929,2026-01-31T00:00:00,8.5,8.5
1930,2026-01-01T00:00:00,8.5,8.5
1930,2026-01-31T00:00:00,8.5,8.5
1931,2026-01-01T00:00:00,8.5,8.5
1931,2026-01-31T00:00:00,8.5,8.5
1932,2026-01-01T00:00:00,8.5,8.5
1932,2026-01-31T00:00:00,8.5,8.5
1933,2026-01-01T00:00:00,8.5,8.5
1933,2026-01-31T00:00:00,8.5,8.5
1934,2026-01-01T00:00:00,8.5,8.5
1934,2026-01-31T00:00:00,8.5,8.5
1935,2026-01-01T00:00:00,8.5,8.5
1935,2026-01-31T00:00:00,8.5,8.5
1936,2026-01-01T00:00:00,8.5,8.5
1936,2026-01-31T00:00:00,9.5,8.5
1937,2026-01-01T00:00:00,8.5,8.5
1937,2026-01-31T00:00:00,9.5,8.5
1938,2026-01-01T00:00:00,8.5,8.5
1938,2026-01-31T00:00:00,9.5,8.5
1939,2026-01-01T00:00:00,8.5,8.5
1939,2026-01-31T00:00:00,9.5,8.5
1940,2026-01-01T00:00:00,9.5,8.5
1940,2026-01-31T00:00:00,9.5,8.5
1941,2026-01-01T00:00:00,9.5,8.5
1941,2026-01-31T00:00:00,9.5,8.5
1942,2026-01-01T00:00:00,9.5,8.5
1942,2026-01-31T00:00:00,9.5,8.5
1943,2026-01-01T00:00:00,9.5,8.5
1943,2026-01-31T00:00:00,9.5,8.5
1944,2026-01-01T00:00:00,9.5,8.5
1944,2026-01-31T00:00:00,9.5,8.5
1945,2026-01-01T00:00:00,9.5,8.5
1945,2026-01-31T00:00:00,9.5,8.5
1946,2026-01-01T00:00:00,9.5,8.5
1946,2026-01-31T00:00:00,9.5,8.5
1947,2026-01-01T00:00:00,9.5,8.5
1947,2026-01-31T00:00:00,9.5,8.5
1948,2026-01-01T00:00:00,9.5,8.5
1948,2026-01-31T00:00:00,9.5,8.5
1949,2026-01-01T00:00:00,9.5,8.5
1949,2026-01-31T00:00:00,9.5,8.5
1950,2026-01-01T00:00:00,9.5,8.5
1950,2026-01-31T00:00:00,9.5,8.5
1951,2026-01-01T00:00:00,9.5,8.5
1951,2026-01-31T00:00:00,9.5,8.5
1952,2026-01-01T00:00:00,9.5,8.5
1952,2026-01-31T00:00:00,9.5,8.5
1953,2026-01-01T00:00:00,9.5,8.5
1953,2026-01-31T00:00:00,9.5,8.5
1954,2026-01-01T00:00:00,9.5,8.5
1954,2026-01-31T00:00:00,9.5,8.5
1955,2026-01-01T00:00:00,9.5,8.5
1955,2026-01-31T00:00:00,9.5,8.5
1956,2026-01-01T00:00:00,9.5,8.5
1956,2026-01-31T00:00:00,10.5,8.5
1957,2026-01-01T00:00:00,9.5,8.5
1957,2026-01-31T00:00:00,10.5,8.5
1958,2026-01-01T00:00:00,9.5,8.5
1958,2026-01-31T00:00:00,10.5,8.5
1959,2026-01-01T00:00:00,9.5,8.5
1959,2026-01-31T00:00:00,10.5,8.5
1960,2026-01-01T00:00:00,10.5,8.5
1960,2026-01-31T00:00:00,10.5,8.5
1961,2026-01-01T00:00:00,10.5,8.5
1961,2026-01-31T00:00:00,10.5,8.5
1962,2026-01-01T00:00:00,10.5,8.5
1962,2026-01-31T00:00:00,10.5,8.5
1963,2026-01-01T00:00:00,10.5,8.5
1963,2026-01-31T00:00:00,10.5,8.5
1964,2026-01-01T00:00:00,10.5,8.5
1964,2026-01-31T00:00:00,10.5,8.5
1965,2026-01-01T00:00:00,10.5,8.5
1965,2026-01-31T00:00:00,10.5,8.5
1966,2026-01-01T00:00:00,10.5,8.5
1966,2026-01-31T00:00:00,10.5,8.5
1967,2026-01-01T00:00:00,10.5,8.5
1967,2026-01-31T00:00:00,10.5,8.5
1968,2026-01-01T00:00:00,10.5,8.5
1968,2026-01-31T00:00:00,10.5,8.5
1969,2026-01-01T00:00:00,10.5,8.5
1969,2026-01-31T00:00:00,10.5,8.5
1970,2026-01-01T00:00:00,10.5,8.5
1970,2026-01-31T00:00:00,10.5,8.5
1971,2026-01-01T00:00:00,10.5,8.5
1971,2026-01-31T00:00:00,10.5,8.5
1972,2026-01-01T00:00:00,10.5,8.5
1972,2026-01-31T00:00:00,10.5,8.5
1973,2026-01-01T00:00:00,10.5,8.5
1973,2026-01-31T00:00:00,10.5,8.5
1974,2026-01-01T00:00:00,10.5,8.5
1974,2026-01-31T00:00:00,10.5,8.5
1975,2026-01-01T00:00:00,10.5,8.5
1975,2026-01-31T00:00:00,10.5,8.5
1976,2026-01-01T00:00:00,10.5,8.5
1976,2026-01-31T00:00:00,9.5,8.5
1977,2026-01-01T00:00:00,10.5,8.5
1977,2026-01-31T00:00:00,9.5,8.5
1978,2026-01-01T00:00:00,10.5,8.5
1978,2026-01-31T00:00:00,9.5,8.5
1979,2026-01-01T00:00:00,10.5,8.5
1979,2026-01-31T00:00:00,9.5,8.5
1980,2026-01-01T00:00:00,0.5,9.5
1980,2026-01-31T00:00:00,0.5,9.5
1981,2026-01-01T00:00:00,0.5,9.5
1981,2026-01-31T00:00:00,0.5,9.5
1982,2026-01-01T00:00:00,0.5,9.5
1982,2026-01-31T00:00:00,0.5,9.5
1983,2026-01-01T00:00:00,0.5,9.5
1983,2026-01-31T00:00:00,0.5,9.5
1984,2026-01-01T00:00:00,0.5,9.5
1984,2026-01-31T00:00:00,0.5,9.5
1985,2026-01-01T00:00:00,0.5,9.5
1985,2026-01-31T00:00:00,0.5,9.5
1986,2026-01-01T00:00:00,0.5,9.5
1986,2026-01-31T00:00:00,0.5,9.5
1987,2026-01-01T00:00:00,0.5,9.5
1987,2026-01-31T00:00:00,0.5,9.5
1988,2026-01-01T00:00:00,0.5,9.5
1988,2026-01-31T00:00:00,0.5,9.5
1989,2026-01-01T00:00:00,0.5,9.5
1989,2026-01-31T00:00:00,0.5,9.5
1990,2026-01-01T00:00:00,0.5,9.5
1990,2026-01-31T00:00:00,0.5,9.5
1991,2026-01-01T00:00:00,0.5,9.5
1991,2026-01-31T00:00:00,0.5,9.5
1992,2026-01-01T00:00:00,0.5,9.5
1992,2026-01-31T00:00:00,0.5,9.5
1993,2026-01-01T00:00:00,0.5,9.5
1993,2026-01-31T00:00:00,0.5,9.5
1994,2026-01-01T00:00:00,0.5,9.5
1994,2026-01-31T00:00:00,0.5,9.5
1995,2026-01-01T00:00:00,0.5,9.5
1995,2026-01-31T00:00:00,0.5,9.5
1996,2026-01-01T00:00:00,0.5,9.5
1996,2026-01-31T00:00:00,0.5,9.5
1997,2026-01-01T00:00:00,0.5,9.5
1997,2026-01-31T00:00:00,0.5,9.5
1998,2026-01-01T00:00:00,0.5,9.5
1998,2026-01-31T00:00:00,1.5,9.5
1999,2026-01-01T00:00:00,0.5,9.5
1999,2026-01-31T00:00:00,1.5,9.5
2000,2026-01-01T00:00:00,1.5,9.5
2000,2026-01-31T00:00:00,1.5,9.5
2001,2026-01-01T00:00:00,1.5,9.5
2001,2026-01-31T00:00:00,1.5,9.5
2002,2026-01-01T00:00:00,1.5,9.5
2002,2026-01-31T00:00:00,1.5,9.5
2003,2026-01-01T00:00:00,1.5,9.5
2003,2026-01-31T00:00:00,1.5,9.5
2004,2026-01-01T00:00:00,1.5,9.5
2004,2026-01-31T00:00:00,1.5,9.5
2005,2026-01-01T00:00:00,1.5,9.5
2005,2026-01-31T00:00:00,1.5,9.5
2006,2026-01-01T00:00:00,1.5,9.5
2006,2026-01-31T00:00:00,1.5,9.5
2007,2026-01-01T00:00:00,1.5,9.5
2007,2026-01-31T00:00:00,1.5,9.5
2008,2026-01-01T00:00:00,1.5,9.5
2008,2026-01-31T00:00:00,1.5,9.5
2009,2026-01-01T00:00:00,1.5,9.5
2009,2026-01-31T00:00:00,1.5,9.5
2010,2026-01-01T00:00:00,1.5,9.5
2010,2026-01-31T00:00:00,1.5,9.5
2011,2026-01-01T00:00:00,1.5,9.5
2011,2026-01-31T00:00:00,1.5,9.5
2012,2026-01-01T00:00:00,1.5,9.5
2012,2026-01-31T00:00:00,1.5,9.5
2013,2026-01-01T00:00:00,1.5,9.5
2013,2026-01-31T00:00:00,1.5,9.5
2014,2026-01-01T00:00:00,1.5,9.5
2014,2026-01-31T00:00:00,1.5,9.5
2015,2026-01-01T00:00:00,1.5,9.5
2015,2026-01-31T00:00:00,1.5,9.5
2016,2026-01-01T00:00:00,1.5,9.5
2016,2026-01-31T00:00:00,1.5,9.5
2017,2026-01-01T00:00:00,1.5,9.5
2017,2026-01-31T00:00:00,1.5,9.5
2018,2026-01-01T00:00:00,1.5,9.5
2018,2026-01-31T00:00:00,2.5,9.5
2019,2026-01-01T00:00:00,1.5,9.5
2019,2026-01-31T00:00:00,2.5,9.5
2020,2026-01-01T00:00:00,2.5,9.5
2020,2026-01-31T00:00:00,2.5,9.5
2021,2026-01-01T00:00:00,2.5,9.5
2021,2026-01-31T00:00:00,2.5,9.5
2022,2026-01-01T00:00:00,2.5,9.5
2022,2026-01-31T00:00:00,2.5,9.5
2023,2026-01-01T00:00:00,2.5,9.5
2023,2026-01-31T00:00:00,2.5,9.5
2024,2026-01-01T00:00:00,2.5,9.5
2024,2026-01-31T00:00:00,2.5,9.5
2025,2026-01-01T00:00:00,2.5,9.5
2025,2026-01-31T00:00:00,2.5,9.5
2026,2026-01-01T00:00:00,2.5,9.5
2026,2026-01-31T00:00:00,2.5,9.5
2027,2026-01-01T00:00:00,2.5,9.5
2027,2026-01-31T00:00:00,2.5,9.5
2028,2026-01-01T00:00:00,2.5,9.5
2028,2026-01-31T00:00:00,2.5,9.5
2029,2026-01-01T00:00:00,2.5,9.5
2029,2026-01-31T00:00:00,2.5,9.5
2030,2026-01-01T00:00:00,2.5,9.5
2030,2026-01-31T00:00:00,2.5,9.5
2031,2026-01-01T00:00:00,2.5,9.5
2031,2026-01-31T00:00:00,2.5,9.5
2032,2026-01-01T00:00:00,2.5,9.5
2032,2026-01-31T00:00:00,2.5,9.5
2033,2026-01-01T00:00:00,2.5,9.5
2033,2026-01-31T00:00:00,2.5,9.5
2034,2026-01-01T00:00:00,2.5,9.5
2034,2026-01-31T00:00:00,2.5,9.5
2035,2026-01-01T00:00:00,2.5,9.5
2035,2026-01-31T00:00:00,2.5,9.5
2036,2026-01-01T00:00:00,2.5,9.5
2036,2026-01-31T00:00:00,2.5,9.5
2037,2026-01-01T00:00:00,2.5,9.5
2037,2026-01-31T00:00:00,2.5,9.5
2038,2026-01-01T00:00:00,2.5,9.5
2038,2026-01-31T00:00:00,3.5,9.5
2039,2026-01-01T00:00:00,2.5,9.5
2039,2026-01-31T00:00:00,3.5,9.5
2040,2026-01-01T00:00:00,3.5,9.5
2040,2026-01-31T00:00:00,3.5,9.5
2041,2026-01-01T00:00:00,3.5,9.5
2041,2026-01-31T00:00:00,3.5,9.5
2042,2026-01-01T00:00:00,3.5,9.5
2042,2026-01-31T00:00:00,3.5,9.5
2043,2026-01-01T00:00:00,3.5,9.5
2043,2026-01-31T00:00:00,3.5,9.5
2044,2026-01-01T00:00:00,3.5,9.5
2044,2026-01-31T00:00:00,3.5,9.5
2045,2026-01-01T00:00:00,3.5,9.5
2045,2026-01-31T00:00:00,3.5,9.5
2046,2026-01-01T00:00:00,3.5,9.5
2046,2026-01-31T00:00:00,3.5,9.5
2047,2026-01-01T00:00:00,3.5,9.5
2047,2026-01-31T00:00:00,3.5,9.5
2048,2026-01-01T00:00:00,3.5,9.5
2048,2026-01-31T00:00:00,3.5,9.5
2049,2026-01-01T00:00:00,3.5,9.5
2049,2026-01-31T00:00:00,3.5,9.5
2050,2026-01-01T00:00:00,3.5,9.5
2050,2026-01-31T00:00:00,3.5,9.5
2051,2026-01-01T00:00:00,3.5,9.5
2051,2026-01-31T00:00:00,3.5,9.5
2052,2026-01-01T00:00:00,3.5,9.5
2052,2026-01-31T00:00:00,3.5,9.5
2053,2026-01-01T00:00:00,3.5,9.5
2053,2026-01-31T00:00:00,3.5,9.5
2054,2026-01-01T00:00:00,3.5,9.5
2054,2026-01-31T00:00:00,3.5,9.5
2055,2026-01-01T00:00:00,3.5,9.5
2055,2026-01-31T00:00:00,3.5,9.5
2056,2026-01-01T00:00:00,3.5,9.5
2056,2026-01-31T00:00:00,3.5,9.5
2057,2026-01-01T00:00:00,3.5,9.5
2057,2026-01-31T00:00:00,3.5,9.5
2058,2026-01-01T00:00:00,3.5,9.5
2058,2026-01-31T00:00:00,4.5,9.5
2059,2026-01-01T00:00:00,3.5,9.5
2059,2026-01-31T00:00:00,4.5,9.5
2060,2026-01-01T00:00:00,4.5,9.5
2060,2026-01-31T00:00:00,4.5,9.5
2061,2026-01-01T00:00:00,4.5,9.5
2061,2026-01-31T00:00:00,4.5,9.5
2062,2026-01-01T00:00:00,4.5,9.5
2062,2026-01-31T00:00:00,4.5,9.5
2063,2026-01-01T00:00:00,4.5,9.5
2063,2026-01-31T00:00:00,4.5,9.5
2064,2026-01-01T00:00:00,4.5,9.5
2064,2026-01-31T00:00:00,4.5,9.5
2065,2026-01-01T00:00:00,4.5,9.5
2065,2026-01-31T00:00:00,4.5,9.5
2066,2026-01-01T00:00:00,4.5,9.5
2066,2026-01-31T00:00:00,4.5,9.5
2067,2026-01-01T00:00:00,4.5,9.5
2067,2026-01-31T00:00:00,4.5,9.5
2068,2026-01-01T00:00:00,4.5,9.5
2068,2026-01-31T00:00:00,4.5,9.5
2069,2026-01-01T00:00:00,4.5,9.5
2069,2026-01-31T00:00:00,4.5,9.5
2070,2026-01-01T00:00:00,4.5,9.5
2070,2026-01-31T00:00:00,4.5,9.5
2071,2026-01-01T00:00:00,4.5,9.5
2071,2026-01-31T00:00:00,4.5,9.5
2072,2026-01-01T00:00:00,4.5,9.5
2072,2026-01-31T00:00:00,4.5,9.5
2073,2026-01-01T00:00:00,4.5,9.5
2073,2026-01-31T00:00:00,4.5,9.5
2074,2026-01-01T00:00:00,4.5,9.5
2074,2026-01-31T00:00:00,4.5,9.5
2075,2026-01-01T00:00:00,4.5,9.5
2075,2026-01-31T00:00:00,4.5,9.5
2076,2026-01-01T00:00:00,4.5,9.5
2076,2026-01-31T00:00:00,4.5,9.5
2077,2026-01-01T00:00:00,4.5,9.5
2077,2026-01-31T00:00:00,4.5,9.5
2078,2026-01-01T00:00:00,4.5,9.5
2078,2026-01-31T00:00:00,5.5,9.5
2079,2026-01-01T00:00:00,4.5,9.5
2079,2026-01-31T00:00:00,5.5,9.5
2080,2026-01-01T00:00:00,5.5,9.5
2080,2026-01-31T00:00:00,5.5,9.5
2081,2026-01-01T00:00:00,5.5,9.5
2081,2026-01-31T00:00:00,5.5,9.5
2082,2026-01-01T00:00:00,5.5,9.5
2082,2026-01-31T00:00:00,5.5,9.5
2083,2026-01-01T00:00:00,5.5,9.5
2083,2026-01-31T00:00:00,5.5,9.5
2084,2026-01-01T00:00:00,5.5,9.5
2084,2026-01-31T00:00:00,5.5,9.5
2085,2026-01-01T00:00:00,5.5,9.5
2085,2026-01-31T00:00:00,5.5,9.5
2086,2026-01-01T00:00:00,5.5,9.5
2086,2026-01-31T00:00:00,5.5,9.5
2087,2026-01-01T00:00:00,5.5,9.5
2087,2026-01-31T00:00:00,5.5,9.5
2088,2026-01-01T00:00:00,5.5,9.5
2088,2026-01-31T00:00:00,5.5,9.5
2089,2026-01-01T00:00:00,5.5,9.5
2089,2026-01-31T00:00:00,5.5,9.5
2090,2026-01-01T00:00:00,5.5,9.5
2090,2026-01-31T00:00:00,5.5,9.5
2091,2026-01-01T00:00:00,5.5,9.5
2091,2026-01-31T00:00:00,5.5,9.5
2092,2026-01-01T00:00:00,5.5,9.5
2092,2026-01-31T00:00:00,5.5,9.5
2093,2026-01-01T00:00:00,5.5,9.5
2093,2026-01-31T00:00:00,5.5,9.5
2094,2026-01-01T00:00:00,5.5,9.5
2094,2026-01-31T00:00:00,5.5,9.5
2095,2026-01-01T00:00:00,5.5,9.5
2095,2026-01-31T00:00:00,5.5,9.5
2096,2026-01-01T00:00:00,5.5,9.5
2096,2026-01-31T00:00:00,5.5,9.5
2097,2026-01-01T00:00:00,5.5,9.5
2097,2026-01-31T00:00:00,5.5,9.5
2098,2026-01-01T00:00:00,5.5,9.5
2098,2026-01-31T00:00:00,6.5,9.5
2099,2026-01-01T00:00:00,5.5,9.5
2099,2026-01-31T00:00:00,6.5,9.5
2100,2026-01-01T00:00:00,6.5,9.5
2100,2026-01-31T00:00:00,6.5,9.5
2101,2026-01-01T00:00:00,6.5,9.5
2101,2026-01-31T00:00:00,6.5,9.5
2102,2026-01-01T00:00:00,6.5,9.5
2102,2026-01-31T00:00:00,6.5,9.5
2103,2026-01-01T00:00:00,6.5,9.5
2103,2026-01-31T00:00:00,6.5,9.5
2104,2026-01-01T00:00:00,6.5,9.5
2104,2026-01-31T00:00:00,6.5,9.5
2105,2026-01-01T00:00:00,6.5,9.5
2105,2026-01-31T00:00:00,6.5,9.5
2106,2026-01-01T00:00:00,6.5,9.5
2106,2026-01-31T00:00:00,6.5,9.5
2107,2026-01-01T00:00:00,6.5,9.5
2107,2026-01-31T00:00:00,6.5,9.5
2108,2026-01-01T00:00:00,6.5,9.5
2108,2026-01-31T00:00:00,6.5,9.5
2109,2026-01-01T00:00:00,6.5,9.5
2109,2026-01-31T00:00:00,6.5,9.5
2110,2026-01-01T00:00:00,6.5,9.5
2110,2026-01-31T00:00:00,6.5,9.5
2111,2026-01-01T00:00:00,6.5,9.5
2111,2026-01-31T00:00:00,6.5,9.5
2112,2026-01-01T00:00:00,6.5,9.5
2112,2026-01-31T00:00:00,6.5,9.5
2113,2026-01-01T00:00:00,6.5,9.5
2113,2026-01-31T00:00:00,6.5,9.5
2114,2026-01-01T00:00:00,6.5,9.5
2114,2026-01-31T00:00:00,6.5,9.5
2115,2026-01-01T00:00:00,6.5,9.5
2115,2026-01-31T00:00:00,6.5,9.5
2116,2026-01-01T00:00:00,6.5,9.5
2116,2026-01-31T00:00:00,6.5,9.5
2117,2026-01-01T00:00:00,6.5,9.5
2117,2026-01-31T00:00:00,6.5,9.5
2118,2026-01-01T00:00:00,6.5,9.5
2118,2026-01-31T00:00:00,7.5,9.5
2119,2026-01-01T00:00:00,6.5,9.5
2119,2026-01-31T00:00:00,7.5,9.5
2120,2026-01-01T00:00:00,7.5,9.5
2120,2026-01-31T00:00:00,7.5,9.5
2121,2026-01-01T00:00:00,7.5,9.5
2121,2026-01-31T00:00:00,7.5,9.5
2122,2026-01-01T00:00:00,7.5,9.5
2122,2026-01-31T00:00:00,7.5,9.5
2123,2026-01-01T00:00:00,7.5,9.5
2123,2026-01-31T00:00:00,7.5,9.5
2124,2026-01-01T00:00:00,7.5,9.5
2124,2026-01-31T00:00:00,7.5,9.5
2125,2026-01-01T00:00:00,7.5,9.5
2125,2026-01-31T00:00:00,7.5,9.5
2126,2026-01-01T00:00:00,7.5,9.5
2126,2026-01-31T00:00:00,7.5,9.5
2127,2026-01-01T00:00:00,7.5,9.5
2127,2026-01-31T00:00:00,7.5,9.5
2128,2026-01-01T00:00:00,7.5,9.5
2128,2026-01-31T00:00:00,7.5,9.5
2129,2026-01-01T00:00:00,7.5,9.5
2129,2026-01-31T00:00:00,7.5,9.5
2130,2026-01-01T00:00:00,7.5,9.5
2130,2026-01-31T00:00:00,7.5,9.5
2131,2026-01-01T00:00:00,7.5,9.5
2131,2026-01-31T00:00:00,7.5,9.5
2132,2026-01-01T00:00:00,7.5,9.5
2132,2026-01-31T00:00:00,7.5,9.5
2133,2026-01-01T00:00:00,7.5,9.5
2133,2026-01-31T00:00:00,7.5,9.5
2134,2026-01-01T00:00:00,7.5,9.5
2134,2026-01-31T00:00:00,7.5,9.5
2135,2026-01-01T00:00:00,7.5,9.5
2135,2026-01-31T00:00:00,7.5,9.5
2136,2026-01-01T00:00:00,7.5,9.5
2136,2026-01-31T00:00:00,7.5,9.5
2137,2026-01-01T00:00:00,7.5,9.5
2137,2026-01-31T00:00:00,7.5,9.5
2138,2026-01-01T00:00:00,7.5,9.5
2138,2026-01-31T00:00:00,8.5,9.5
2139,2026-01-01T00:00:00,7.5,9.5
2139,2026-01-31T00:00:00,8.5,9.5
2140,2026-01-01T00:00:00,8.5,9.5
2140,2026-01-31T00:00:00,8.5,9.5
2141,2026-01-01T00:00:00,8.5,9.5
2141,2026-01-31T00:00:00,8.5,9.5
2142,2026-01-01T00:00:00,8.5,9.5
2142,2026-01-31T00:00:00,8.5,9.5
2143,2026-01-01T00:00:00,8.5,9.5
2143,2026-01-31T00:00:00,8.5,9.5
2144,2026-01-01T00:00:00,8.5,9.5
2144,2026-01-31T00:00:00,8.5,9.5
2145,2026-01-01T00:00:00,8.5,9.5
2145,2026-01-31T00:00:00,8.5,9.5
2146,2026-01-01T00:00:00,8.5,9.5
2146,2026-01-31T00:00:00,8.5,9.5
2147,2026-01-01T00:00:00,8.5,9.5
2147,2026-01-31T00:00:00,8.5,9.5
2148,2026-01-01T00:00:00,8.5,9.5
2148,2026-01-31T00:00:00,8.5,9.5
2149,2026-01-01T00:00:00,8.5,9.5
2149,2026-01-31T00:00:00,8.5,9.5
2150,2026-01-01T00:00:00,8.5,9.5
2150,2026-01-31T00:00:00,8.5,9.5
2151,2026-01-01T00:00:00,8.5,9.5
2151,2026-01-31T00:00:00,8.5,9.5
2152,2026-01-01T00:00:00,8.5,9.5
2152,2026-01-31T00:00:00,8.5,9.5
2153,2026-01-01T00:00:00,8.5,9.5
2153,2026-01-31T00:00:00,8.5,9.5
2154,2026-01-01T00:00:00,8.5,9.5
2154,2026-01-31T00:00:00,8.5,9.5
2155,2026-01-01T00:00:00,8.5,9.5
2155,2026-01-31T00:00:00,8.5,9.5
2156,2026-01-01T00:00:00,8.5,9.5
2156,2026-01-31T00:00:00,8.5,9.5
2157,2026-01-01T00:00:00,8.5,9.5
2157,2026-01-31T00:00:00,8.5,9.5
2158,2026-01-01T00:00:00,8.5,9.5
2158,2026-01-31T00:00:00,9.5,9.5
2159,2026-01-01T00:00:00,8.5,9.5
2159,2026-01-31T00:00:00,9.5,9.5
2160,2026-01-01T00:00:00,9.5,9.5
2160,2026-01-31T00:00:00,9.5,9.5
2161,2026-01-01T00:00:00,9.5,9.5
2161,2026-01-31T00:00:00,9.5,9.5
2162,2026-01-01T00:00:00,9.5,9.5
2162,2026-01-31T00:00:00,9.5,9.5
2163,2026-01-01T00:00:00,9.5,9.5
2163,2026-01-31T00:00:00,9.5,9.5
2164,2026-01-01T00:00:00,9.5,9.5
2164,2026-01-31T00:00:00,9.5,9.5
2165,2026-01-01T00:00:00,9.5,9.5
2165,2026-01-31T00:00:00,9.5,9.5
2166,2026-01-01T00:00:00,9.5,9.5
2166,2026-01-31T00:00:00,9.5,9.5
2167,2026-01-01T00:00:00,9.5,9.5
2167,2026-01-31T00:00:00,9.5,9.5
2168,2026-01-01T00:00:00,9.5,9.5
2168,2026-01-31T00:00:00,9.5,9.5
2169,2026-01-01T00:00:00,9.5,9.5
2169,2026-01-31T00:00:00,9.5,9.5
2170,2026-01-01T00:00:00,9.5,9.5
2170,2026-01-31T00:00:00,9.5,9.5
2171,2026-01-01T00:00:00,9.5,9.5
2171,2026-01-31T00:00:00,9.5,9.5
2172,2026-01-01T00:00:00,9.5,9.5
2172,2026-01-31T00:00:00,9.5,9.5
2173,2026-01-01T00:00:00,9.5,9.5
2173,2026-01-31T00:00:00,9.5,9.5
2174,2026-01-01T00:00:00,9.5,9.5
2174,2026-01-31T00:00:00,9.5,9.5
2175,2026-01-01T00:00:00,9.5,9.5
2175,2026-01-31T00:00:00,9.5,9.5
2176,2026-01-01T00:00:00,9.5,9.5
2176,2026-01-31T00:00:00,9.5,9.5
2177,2026-01-01T00:00:00,9.5,9.5
2177,2026-01-31T00:00:00,9.5,9.5
2178,2026-01-01T00:00:00,9.5,9.5
2178,2026-01-31T00:00:00,10.5,9.5
2179,2026-01-01T00:00:00,9.5,9.5
2179,2026-01-31T00:00:00,10.5,9.5
2180,2026-01-01T00:00:00,10.5,9.5
2180,2026-01-31T00:00:00,10.5,9.5
2181,2026-01-01T00:00:00,10.5,9.5
2181,2026-01-31T00:00:00,10.5,9.5
2182,2026-01-01T00:00:00,10.5,9.5
2182,2026-01-31T00:00:00,10.5,9.5
2183,2026-01-01T00:00:00,10.5,9.5
2183,2026-01-31T00:00:00,10.5,9.5
2184,2026-01-01T00:00:00,10.5,9.5
2184,2026-01-31T00:00:00,10.5,9.5
2185,2026-01-01T00:00:00,10.5,9.5
2185,2026-01-31T00:00:00,10.5,9.5
2186,2026-01-01T00:00:00,10.5,9.5
2186,2026-01-31T00:00:00,10.5,9.5
2187,2026-01-01T00:00:00,10.5,9.5
2187,2026-01-31T00:00:00,10.5,9.5
2188,2026-01-01T00:00:00,10.5,9.5
2188,2026-01-31T00:00:00,10.5,9.5
2189,2026-01-01T00:00:00,10.5,9.5
2189,2026-01-31T00:00:00,10.5,9.5
2190,2026-01-01T00:00:00,10.5,9.5
2190,2026-01-31T00:00:00,10.5,9.5
2191,2026-01-01T00:00:00,10.5,9.5
2191,2026-01-31T00:00:00,10.5,9.5
2192,2026-01-01T00:00:00,10.5,9.5
2192,2026-01-31T00:00:00,10.5,9.5
2193,2026-01-01T00:00:00,10.5,9.5
2193,2026-01-31T00:00:00,10.5,9.5
2194,2026-01-01T00:00:00,10.5,9.5
2194,2026-01-31T00:00:00,10.5,9.5
2195,2026-01-01T00:00:00,10.5,9.5
2195,2026-01-31T00:00:00,10.5,9.5
2196,2026-01-01T00:00:00,10.5,9.5
2196,2026-01-31T00:00:00,10.5,9.5
2197,2026-01-01T00:00:00,10.5,9.5
2197,2026-01-31T00:00:00,10.5,9.5
2198,2026-01-01T00:00:00,10.5,9.5
2198,2026-01-31T00:00:00,9.5,9.5
2199,2026-01-01T00:00:00,10.5,9.5
2199,2026-01-31T00:00:00,9.5,9.5
2200,2026-01-01T00:00:00,0.5,10.5
2200,2026-01-31T00:00:00,0.5,10.5
2201,2026-01-01T00:00:00,0.5,10.5
2201,2026-01-31T00:00:00,0.5,10.5
2202,2026-01-01T00:00:00,0.5,10.5
2202,2026-01-31T00:00:00,0.5,10.5
2203,2026-01-01T00:00:00,0.5,10.5
2203,2026-01-31T00:00:00,0.5,10.5
2204,2026-01-01T00:00:00,0.5,10.5
2204,2026-01-31T00:00:00,0.5,10.5
2205,2026-01-01T00:00:00,0.5,10.5
2205,2026-01-31T00:00:00,0.5,10.5
2206,2026-01-01T00:00:00,0.5,10.5
2206,2026-01-31T00:00:00,0.5,10.5
2207,2026-01-01T00:00:00,0.5,10.5
2207,2026-01-31T00:00:00,0.5,10.5
2208,2026-01-01T00:00:00,0.5,10.5
2208,2026-01-31T00:00:00,0.5,10.5
2209,2026-01-01T00:00:00,0.5,10.5
2209,2026-01-31T00:00:00,0.5,10.5
2210,2026-01-01T00:00:00,0.5,10.5
2210,2026-01-31T00:00:00,0.5,10.5
2211,2026-01-01T00:00:00,0.5,10.5
2211,2026-01-31T00:00:00,0.5,10.5
2212,2026-01-01T00:00:00,0.5,10.5
2212,2026-01-31T00:00:00,0.5,10.5
2213,2026-01-01T00:00:00,0.5,10.5
2213,2026-01-31T00:00:00,0.5,10.5
2214,2026-01-01T00:00:00,0.5,10.5
2214,2026-01-31T00:00:00,0.5,10.5
2215,2026-01-01T00:00:00,0.5,10.5
2215,2026-01-31T00:00:00,0.5,10.5
2216,2026-01-01T00:00:00,0.5,10.5
2216,2026-01-31T00:00:00,0.5,10.5
2217,2026-01-01T00:00:00,0.5,10.5
2217,2026-01-31T00:00:00,0.5,10.5
2218,2026-01-01T00:00:00,0.5,10.5
2218,2026-01-31T00:00:00,0.5,10.5
2219,2026-01-01T00:00:00,0.5,10.5
2219,2026-01-31T00:00:00,1.5,10.5
2220,2026-01-01T00:00:00,1.5,10.5
2220,2026-01-31T00:00:00,1.5,10.5
2221,2026-01-01T00:00:00,1.5,10.5
2221,2026-01-31T00:00:00,1.5,10.5
2222,2026-01-01T00:00:00,1.5,10.5
2222,2026-01-31T00:00:00,1.5,10.5
2223,2026-01-01T00:00:00,1.5,10.5
2223,2026-01-31T00:00:00,1.5,10.5
2224,2026-01-01T00:00:00,1.5,10.5
2224,2026-01-31T00:00:00,1.5,10.5
2225,2026-01-01T00:00:00,1.5,10.5
2225,2026-01-31T00:00:00,1.5,10.5
2226,2026-01-01T00:00:00,1.5,10.5
2226,2026-01-31T00:00:00,1.5,10.5
2227,2026-01-01T00:00:00,1.5,10.5
2227,2026-01-31T00:00:00,1.5,10.5
2228,2026-01-01T00:00:00,1.5,10.5
2228,2026-01-31T00:00:00,1.5,10.5
2229,2026-01-01T00:00:00,1.5,10.5
2229,2026-01-31T00:00:00,1.5,10.5
2230,2026-01-01T00:00:00,1.5,10.5
2230,2026-01-31T00:00:00,1.5,10.5
2231,2026-01-01T00:00:00,1.5,10.5
2231,2026-01-31T00:00:00,1.5,10.5
2232,2026-01-01T00:00:00,1.5,10.5
2232,2026-01-31T00:00:00,1.5,10.5
2233,2026-01-01T00:00:00,1.5,10.5
2233,2026-01-31T00:00:00,1.5,10.5
2234,2026-01-01T00:00:00,1.5,10.5
2234,2026-01-31T00:00:00,1.5,10.5
2235,2026-01-01T00:00:00,1.5,10.5
2235,2026-01-31T00:00:00,1.5,10.5
2236,2026-01-01T00:00:00,1.5,10.5
2236,2026-01-31T00:00:00,1.5,10.5
2237,2026-01-01T00:00:00,1.5,10.5
2237,2026-01-31T00:00:00,1.5,10.5
2238,2026-01-01T00:00:00,1.5,10.5
2238,2026-01-31T00:00:00,1.5,10.5
2239,2026-01-01T00:00:00,1.5,10.5
2239,2026-01-31T00:00:00,2.5,10.5
2240,2026-01-01T00:00:00,2.5,10.5
2240,2026-01-31T00:00:00,2.5,10.5
2241,2026-01-01T00:00:00,2.5,10.5
2241,2026-01-31T00:00:00,2.5,10.5
2242,2026-01-01T00:00:00,2.5,10.5
2242,2026-01-31T00:00:00,2.5,10.5
2243,2026-01-01T00:00:00,2.5,10.5
2243,2026-01-31T00:00:00,2.5,10.5
2244,2026-01-01T00:00:00,2.5,10.5
2244,2026-01-31T00:00:00,2.5,10.5
2245,2026-01-01T00:00:00,2.5,10.5
2245,2026-01-31T00:00:00,2.5,10.5
2246,2026-01-01T00:00:00,2.5,10.5
2246,2026-01-31T00:00:00,2.5,10.5
2247,2026-01-01T00:00:00,2.5,10.5
2247,2026-01-31T00:00:00,2.5,10.5
2248,2026-01-01T00:00:00,2.5,10.5
2248,2026-01-31T00:00:00,2.5,10.5
2249,2026-01-01T00:00:00,2.5,10.5
2249,2026-01-31T00:00:00,2.5,10.5
2250,2026-01-01T00:00:00,2.5,10.5
2250,2026-01-31T00:00:00,2.5,10.5
2251,2026-01-01T00:00:00,2.5,10.5
2251,2026-01-31T00:00:00,2.5,10.5
2252,2026-01-01T00:00:00,2.5,10.5
2252,2026-01-31T00:00:00,2.5,10.5
2253,2026-01-01T00:00:00,2.5,10.5
2253,2026-01-31T00:00:00,2.5,10.5
2254,2026-01-01T00:00:00,2.5,10.5
2254,2026-01-31T00:00:00,2.5,10.5
2255,2026-01-01T00:00:00,2.5,10.5
2255,2026-01-31T00:00:00,2.5,10.5
2256,2026-01-01T00:00:00,2.5,10.5
2256,2026-01-31T00:00:00,2.5,10.5
2257,2026-01-01T00:00:00,2.5,10.5
2257,2026-01-31T00:00:00,2.5,10.5
2258,2026-01-01T00:00:00,2.5,10.5
2258,2026-01-31T00:00:00,2.5,10.5
2259,2026-01-01T00:00:00,2.5,10.5
2259,2026-01-31T00:00:00,3.5,10.5
2260,2026-01-01T00:00:00,3.5,10.5
2260,2026-01-31T00:00:00,3.5,10.5
2261,2026-01-01T00:00:00,3.5,10.5
2261,2026-01-31T00:00:00,3.5,10.5
2262,2026-01-01T00:00:00,3.5,10.5
2262,2026-01-31T00:00:00,3.5,10.5
2263,2026-01-01T00:00:00,3.5,10.5
2263,2026-01-31T00:00:00,3.5,10.5
2264,2026-01-01T00:00:00,3.5,10.5
2264,2026-01-31T00:00:00,3.5,10.5
2265,2026-01-01T00:00:00,3.5,10.5
2265,2026-01-31T00:00:00,3.5,10.5
2266,2026-01-01T00:00:00,3.5,10.5
2266,2026-01-31T00:00:00,3.5,10.5
2267,2026-01-01T00:00:00,3.5,10.5
2267,2026-01-31T00:00:00,3.5,10.5
2268,2026-01-01T00:00:00,3.5,10.5
2268,2026-01-31T00:00:00,3.5,10.5
2269,2026-01-01T00:00:00,3.5,10.5
2269,2026-01-31T00:00:00,3.5,10.5
2270,2026-01-01T00:00:00,3.5,10.5
2270,2026-01-31T00:00:00,3.5,10.5
2271,2026-01-01T00:00:00,3.5,10.5
2271,2026-01-31T00:00:00,3.5,10.5
2272,2026-01-01T00:00:00,3.5,10.5
2272,2026-01-31T00:00:00,3.5,10.5
2273,2026-01-01T00:00:00,3.5,10.5
2273,2026-01-31T00:00:00,3.5,10.5
2274,2026-01-01T00:00:00,3.5,10.5
2274,2026-01-31T00:00:00,3.5,10.5
2275,2026-01-01T00:00:00,3.5,10.5
2275,2026-01-31T00:00:00,3.5,10.5
2276,2026-01-01T00:00:00,3.5,10.5
2276,2026-01-31T00:00:00,3.5,10.5
2277,2026-01-01T00:00:00,3.5,10.5
2277,2026-01-31T00:00:00,3.5,10.5
2278,2026-01-01T00:00:00,3.5,10.5
2278,2026-01-31T00:00:00,3.5,10.5
2279,2026-01-01T00:00:00,3.5,10.5
2279,2026-01-31T00:00:00,4.5,10.5
2280,2026-01-01T00:00:00,4.5,10.5
2280,2026-01-31T00:00:00,4.5,10.5
2281,2026-01-01T00:00:00,4.5,10.5
2281,2026-01-31T00:00:00,4.5,10.5
2282,2026-01-01T00:00:00,4.5,10.5
2282,2026-01-31T00:00:00,4.5,10.5
2283,2026-01-01T00:00:00,4.5,10.5
2283,2026-01-31T00:00:00,4.5,10.5
2284,2026-01-01T00:00:00,4.5,10.5
2284,2026-01-31T00:00:00,4.5,10.5
2285,2026-01-01T00:00:00,4.5,10.5
2285,2026-01-31T00:00:00,4.5,10.5
2286,2026-01-01T00:00:00,4.5,10.5
2286,2026-01-31T00:00:00,4.5,10.5
2287,2026-01-01T00:00:00,4.5,10.5
2287,2026-01-31T00:00:00,4.5,10.5
2288,2026-01-01T00:00:00,4.5,10.5
2288,2026-01-31T00:00:00,4.5,10.5
2289,2026-01-01T00:00:00,4.5,10.5
2289,2026-01-31T00:00:00,4.5,10.5
2290,2026-01-01T00:00:00,4.5,10.5
2290,2026-01-31T00:00:00,4.5,10.5
2291,2026-01-01T00:00:00,4.5,10.5
2291,2026-01-31T00:00:00,4.5,10.5
2292,2026-01-01T00:00:00,4.5,10.5
2292,2026-01-31T00:00:00,4.5,10.5
2293,2026-01-01T00:00:00,4.5,10.5
2293,2026-01-31T00:00:00,4.5,10.5
2294,2026-01-01T00:00:00,4.5,10.5
2294,2026-01-31T00:00:00,4.5,10.5
2295,2026-01-01T00:00:00,4.5,10.5
2295,2026-01-31T00:00:00,4.5,10.5
2296,2026-01-01T00:00:00,4.5,10.5
2296,2026-01-31T00:00:00,4.5,10.5
2297,2026-01-01T00:00:00,4.5,10.5
2297,2026-01-31T00:00:00,4.5,10.5
2298,2026-01-01T00:00:00,4.5,10.5
2298,2026-01-31T00:00:00,4.5,10.5
2299,2026-01-01T00:00:00,4.5,10.5
2299,2026-01-31T00:00:00,5.5,10.5
2300,2026-01-01T00:00:00,5.5,10.5
2300,2026-01-31T00:00:00,5.5,10.5
2301,2026-01-01T00:00:00,5.5,10.5
2301,2026-01-31T00:00:00,5.5,10.5
2302,2026-01-01T00:00:00,5.5,10.5
2302,2026-01-31T00:00:00,5.5,10.5
2303,2026-01-01T00:00:00,5.5,10.5
2303,2026-01-31T00:00:00,5.5,10.5
2304,2026-01-01T00:00:00,5.5,10.5
2304,2026-01-31T00:00:00,5.5,10.5
2305,2026-01-01T00:00:00,5.5,10.5
2305,2026-01-31T00:00:00,5.5,10.5
2306,2026-01-01T00:00:00,5.5,10.5
2306,2026-01-31T00:00:00,5.5,10.5
2307,2026-01-01T00:00:00,5.5,10.5
2307,2026-01-31T00:00:00,5.5,10.5
2308,2026-01-01T00:00:00,5.5,10.5
2308,2026-01-31T00:00:00,5.5,10.5
2309,2026-01-01T00:00:00,5.5,10.5
2309,2026-01-31T00:00:00,5.5,10.5
2310,2026-01-01T00:00:00,5.5,10.5
2310,2026-01-31T00:00:00,5.5,10.5
2311,2026-01-01T00:00:00,5.5,10.5
2311,2026-01-31T00:00:00,5.5,10.5
2312,2026-01-01T00:00:00,5.5,10.5
2312,2026-01-31T00:00:00,5.5,10.5
2313,2026-01-01T00:00:00,5.5,10.5
2313,2026-01-31T00:00:00,5.5,10.5
2314,2026-01-01T00:00:00,5.5,10.5
2314,2026-01-31T00:00:00,5.5,10.5
2315,2026-01-01T00:00:00,5.5,10.5
2315,2026-01-31T00:00:00,5.5,10.5
2316,2026-01-01T00:00:00,5.5,10.5
2316,2026-01-31T00:00:00,5.5,10.5
2317,2026-01-01T00:00:00,5.5,10.5
2317,2026-01-31T00:00:00,5.5,10.5
2318,2026-01-01T00:00:00,5.5,10.5
2318,2026-01-31T00:00:00,5.5,10.5
2319,2026-01-01T00:00:00,5.5,10.5
2319,2026-01-31T00:00:00,6.5,10.5
2320,2026-01-01T00:00:00,6.5,10.5
2320,2026-01-31T00:00:00,6.5,10.5
2321,2026-01-01T00:00:00,6.5,10.5
2321,2026-01-31T00:00:00,6.5,10.5
2322,2026-01-01T00:00:00,6.5,10.5
2322,2026-01-31T00:00:00,6.5,10.5
2323,2026-01-01T00:00:00,6.5,10.5
2323,2026-01-31T00:00:00,6.5,10.5
2324,2026-01-01T00:00:00,6.5,10.5
2324,2026-01-31T00:00:00,6.5,10.5
2325,2026-01-01T00:00:00,6.5,10.5
2325,2026-01-31T00:00:00,6.5,10.5
2326,2026-01-01T00:00:00,6.5,10.5
2326,2026-01-31T00:00:00,6.5,10.5
2327,2026-01-01T00:00:00,6.5,10.5
2327,2026-01-31T00:00:00,6.5,10.5
2328,2026-01-01T00:00:00,6.5,10.5
2328,2026-01-31T00:00:00,6.5,10.5
2329,2026-01-01T00:00:00,6.5,10.5
2329,2026-01-31T00:00:00,6.5,10.5
2330,2026-01-01T00:00:00,6.5,10.5
2330,2026-01-31T00:00:00,6.5,10.5
2331,2026-01-01T00:00:00,6.5,10.5
2331,2026-01-31T00:00:00,6.5,10.5
2332,2026-01-01T00:00:00,6.5,10.5
2332,2026-01-31T00:00:00,6.5,10.5
2333,2026-01-01T00:00:00,6.5,10.5
2333,2026-01-31T00:00:00,6.5,10.5
2334,2026-01-01T00:00:00,6.5,10.5
2334,2026-01-31T00:00:00,6.5,10.5
2335,2026-01-01T00:00:00,6.5,10.5
2335,2026-01-31T00:00:00,6.5,10.5
2336,2026-01-01T00:00:00,6.5,10.5
2336,2026-01-31T00:00:00,6.5,10.5
2337,2026-01-01T00:00:00,6.5,10.5
2337,2026-01-31T00:00:00,6.5,10.5
2338,2026-01-01T00:00:00,6.5,10.5
2338,2026-01-31T00:00:00,6.5,10.5
2339,2026-01-01T00:00:00,6.5,10.5
2339,2026-01-31T00:00:00,7.5,10.5
2340,2026-01-01T00:00:00,7.5,10.5
2340,2026-01-31T00:00:00,7.5,10.5
2341,2026-01-01T00:00:00,7.5,10.5
2341,2026-01-31T00:00:00,7.5,10.5
2342,2026-01-01T00:00:00,7.5,10.5
2342,2026-01-31T00:00:00,7.5,10.5
2343,2026-01-01T00:00:00,7.5,10.5
2343,2026-01-31T00:00:00,7.5,10.5
2344,2026-01-01T00:00:00,7.5,10.5
2344,2026-01-31T00:00:00,7.5,10.5
2345,2026-01-01T00:00:00,7.5,10.5
2345,2026-01-31T00:00:00,7.5,10.5
2346,2026-01-01T00:00:00,7.5,10.5
2346,2026-01-31T00:00:00,7.5,10.5
2347,2026-01-01T00:00:00,7.5,10.5
2347,2026-01-31T00:00:00,7.5,10.5
2348,2026-01-01T00:00:00,7.5,10.5
2348,2026-01-31T00:00:00,7.5,10.5
2349,2026-01-01T00:00:00,7.5,10.5
2349,2026-01-31T00:00:00,7.5,10.5
2350,2026-01-01T00:00:00,7.5,10.5
2350,2026-01-31T00:00:00,7.5,10.5
2351,2026-01-01T00:00:00,7.5,10.5
2351,2026-01-31T00:00:00,7.5,10.5
2352,2026-01-01T00:00:00,7.5,10.5
2352,2026-01-31T00:00:00,7.5,10.5
2353,2026-01-01T00:00:00,7.5,10.5
2353,2026-01-31T00:00:00,7.5,10.5
2354,2026-01-01T00:00:00,7.5,10.5
2354,2026-01-31T00:00:00,7.5,10.5
2355,2026-01-01T00:00:00,7.5,10.5
2355,2026-01-31T00:00:00,7.5,10.5
2356,2026-01-01T00:00:00,7.5,10.5
2356,2026-01-31T00:00:00,7.5,10.5
2357,2026-01-01T00:00:00,7.5,10.5
2357,2026-01-31T00:00:00,7.5,10.5
2358,2026-01-01T00:00:00,7.5,10.5
2358,2026-01-31T00:00:00,7.5,10.5
2359,2026-01-01T00:00:00,7.5,10.5
2359,2026-01-31T00:00:00,8.5,10.5
2360,2026-01-01T00:00:00,8.5,10.5
2360,2026-01-31T00:00:00,8.5,10.5
2361,2026-01-01T00:00:00,8.5,10.5
2361,2026-01-31T00:00:00,8.5,10.5
2362,2026-01-01T00:00:00,8.5,10.5
2362,2026-01-31T00:00:00,8.5,10.5
2363,2026-01-01T00:00:00,8.5,10.5
2363,2026-01-31T00:00:00,8.5,10.5
2364,2026-01-01T00:00:00,8.5,10.5
2364,2026-01-31T00:00:00,8.5,10.5
2365,2026-01-01T00:00:00,8.5,10.5
2365,2026-01-31T00:00:00,8.5,10.5
2366,2026-01-01T00:00:00,8.5,10.5
2366,2026-01-31T00:00:00,8.5,10.5
2367,2026-01-01T00:00:00,8.5,10.5
2367,2026-01-31T00:00:00,8.5,10.5
2368,2026-01-01T00:00:00,8.5,10.5
2368,2026-01-31T00:00:00,8.5,10.5
2369,2026-01-01T00:00:00,8.5,10.5
2369,2026-01-31T00:00:00,8.5,10.5
2370,2026-01-01T00:00:00,8.5,10.5
2370,2026-01-31T00:00:00,8.5,10.5
2371,2026-01-01T00:00:00,8.5,10.5
2371,2026-01-31T00:00:00,8.5,10.5
2372,2026-01-01T00:00:00,8.5,10.5
2372,2026-01-31T00:00:00,8.5,10.5
2373,2026-01-01T00:00:00,8.5,10.5
2373,2026-01-31T00:00:00,8.5,10.5
2374,2026-01-01T00:00:00,8.5,10.5
2374,2026-01-31T00:00:00,8.5,10.5
2375,2026-01-01T00:00:00,8.5,10.5
2375,2026-01-31T00:00:00,8.5,10.5
2376,2026-01-01T00:00:00,8.5,10.5
2376,2026-01-31T00:00:00,8.5,10.5
2377,2026-01-01T00:00:00,8.5,10.5
2377,2026-01-31T00:00:00,8.5,10.5
2378,2026-01-01T00:00:00,8.5,10.5
2378,2026-01-31T00:00:00,8.5,10.5
2379,2026-01-01T00:00:00,8.5,10.5
2379,2026-01-31T00:00:00,9.5,10.5
2380,2026-01-01T00:00:00,9.5,10.5
2380,2026-01-31T00:00:00,9.5,10.5
2381,2026-01-01T00:00:00,9.5,10.5
2381,2026-01-31T00:00:00,9.5,10.5
2382,2026-01-01T00:00:00,9.5,10.5
2382,2026-01-31T00:00:00,9.5,10.5
2383,2026-01-01T00:00:00,9.5,10.5
2383,2026-01-31T00:00:00,9.5,10.5
2384,2026-01-01T00:00:00,9.5,10.5
2384,2026-01-31T00:00:00,9.5,10.5
2385,2026-01-01T00:00:00,9.5,10.5
2385,2026-01-31T00:00:00,9.5,10.5
2386,2026-01-01T00:00:00,9.5,10.5
2386,2026-01-31T00:00:00,9.5,10.5
2387,2026-01-01T00:00:00,9.5,10.5
2387,2026-01-31T00:00:00,9.5,10.5
2388,2026-01-01T00:00:00,9.5,10.5
2388,2026-01-31T00:00:00,9.5,10.5
2389,2026-01-01T00:00:00,9.5,10.5
2389,2026-01-31T00:00:00,9.5,10.5
2390,2026-01-01T00:00:00,9.5,10.5
2390,2026-01-31T00:00:00,9.5,10.5
2391,2026-01-01T00:00:00,9.5,10.5
2391,2026-01-31T00:00:00,9.5,10.5
2392,2026-01-01T00:00:00,9.5,10.5
2392,2026-01-31T00:00:00,9.5,10.5
2393,2026-01-01T00:00:00,9.5,10.5
2393,2026-01-31T00:00:00,9.5,10.5
2394,2026-01-01T00:00:00,9.5,10.5
2394,2026-01-31T00:00:00,9.5,10.5
2395,2026-01-01T00:00:00,9.5,10.5
2395,2026-01-31T00:00:00,9.5,10.5
2396,2026-01-01T00:00:00,9.5,10.5
2396,2026-01-31T00:00:00,9.5,10.5
2397,2026-01-01T00:00:00,9.5,10.5
2397,2026-01-31T00:00:00,9.5,10.5
2398,2026-01-01T00:00:00,9.5,10.5
2398,2026-01-31T00:00:00,9.5,10.5
2399,2026-01-01T00:00:00,9.5,10.5
2399,2026-01-31T00:00:00,10.5,10.5
2400,2026-01-01T00:00:00,10.5,10.5
2400,2026-01-31T00:00:00,10.5,10.5
2401,2026-01-01T00:00:00,10.5,10.5
2401,2026-01-31T00:00:00,10.5,10.5
2402,2026-01-01T00:00:00,10.5,10.5
2402,2026-01-31T00:00:00,10.5,10.5
2403,2026-01-01T00:00:00,10.5,10.5
2403,2026-01-31T00:00:00,10.5,10.5
2404,2026-01-01T00:00:00,10.5,10.5
2404,2026-01-31T00:00:00,10.5,10.5
2405,2026-01-01T00:00:00,10.5,10.5
2405,2026-01-31T00:00:00,10.5,10.5
2406,2026-01-01T00:00:00,10.5,10.5
2406,2026-01-31T00:00:00,10.5,10.5
2407,2026-01-01T00:00:00,10.5,10.5
2407,2026-01-31T00:00:00,10.5,10.5
2408,2026-01-01T00:00:00,10.5,10.5
2408,2026-01-31T00:00:00,10.5,10.5
2409,2026-01-01T00:00:00,10.5,10.5
2409,2026-01-31T00:00:00,10.5,10.5
2410,2026-01-01T00:00:00,10.5,10.5
2410,2026-01-31T00:00:00,10.5,10.5
2411,2026-01-01T00:00:00,10.5,10.5
2411,2026-01-31T00:00:00,10.5,10.5
2412,2026-01-01T00:00:00,10.5,10.5
2412,2026-01-31T00:00:00,10.5,10.5
2413,2026-01-01T00:00:00,10.5,10.5
2413,2026-01-31T00:00:00,10.5,10.5
2414,2026-01-01T00:00:00,10.5,10.5
2414,2026-01-31T00:00:00,10.5,10.5
2415,2026-01-01T00:00:00,10.5,10.5
2415,2026-01-31T00:00:00,10.5,10.5
2416,2026-01-01T00:00:00,10.5,10.5
2416,2026-01-31T00:00:00,10.5,10.5
2417,2026-01-01T00:00:00,10.5,10.5
2417,2026-01-31T00:00:00,10.5,10.5
2418,2026-01-01T00:00:00,10.5,10.5
2418,2026-01-31T00:00:00,10.5,10.5
2419,2026-01-01T00:00:00,10.5,10.5
2419,2026-01-31T00:00:00,9.5,10.5
